180213102346.208|1|YIcKbfBXz7zFOk5bFAABBMeDaOaiBh6fZ0QWi0nM5Z6ot4Y51vpcXt9NvJ4vQuudKz2miZtSnayRM79p0IQq8mU65kn95peidzLyQ8yl3Z4d9Xi5sidf14hclC7ddK5SPi9nFoK2BkBhqkV4jdNhfarN4S4Y10qOIeDIpKWWrcDtUgClxEDgG82XJU578bqgDtbITOmlqqhaNBzjSEVBFA5WwKZPwmORbm8SnanYHgJFmNoxkoDFXwqnlWoUsidriYVYcpI55n9XDeXUQlvSkjk9jAtKDcSASnpQDge6MVEEzCePEJtCa1D1ExauGVorBIp9xgycmfpPtYrreMMrp2puDGgxLev9vEmsCdnrzcuNoYZQKvMOIZLpyuM35arb57sbCP9S4GQy458K60lFtSvbpVI2dl9WR7Xbi0i9gktkFk1emBKyDOkdEZCeoOu1EvFNtEvooN7JblU3rS5I1yVl3HgkuZ5KdCmA926se6IpI5YJCH45LlBQZMrq4hhNj6tqNI880Zo1U7sOmHi72fk4E6ddZzdAdeAQenG41mr6YDyifq9EtjfIehPYMhPcJioShLbJWc57UsQDYfDcsse3qtY2MA7YijrwI2ZlX1yy5m0QJYdXTcwrePWCejzRB8JAl4Rasz554jdP1kEctEfT5hLu3OQx6EK50G05NLSSaq8GwFPlSQ2eGfBW0otyMwZeeEy1j1mBxu5d9NR05WlrKZKz5xjZjwZGPVEaeZv0OmgZT9ahcPSAi4PzMqAkooPneBuBJs6c2OjZxXbJMVOGI6dJDVkJUjTLAJ2Tsy02dOAzlr2JWWLSviNjWBs2lzWs1DbY9loTKECG6ihxVEb0QxrDK0UFcMFddi48UfIWY3WCOwFRoShqiM19oEArgUnKD6YBlfSMeUswjp7rZNFTKX3W1m2WNKty3b8XAh0o9EXHVk3wu5DJQH3jZPhBX4oPgTPtSw4PuxUhe5AQgv22n8Rd1WezjzGykfDI6Ucls78DVIjt0uRVueFcEpLQ
180213102346.220|2|umGLIOQTq5xqKtvPAlCcB9QZHXYxFb4UXwcbu9UinccTGvd8ul0ndpNIG9FJ6vDVR5ela0fESc41XsMr05Ii1z5KSkPLdrWsMP0812GE8OQ7GIoxwf7YfwBVGa0DEGWF
180213102346.221|7|WWddbTPVVbTj8U9cx5867s4VQN2nC5GQsaO56naHeB7lusRGIDdbdcxlBRQNyYBXplzUB6JHitKg56Bwx0469vnQQ98Pb5myL24VyIKmIxTRWjJxlBFcIctkGguve1OcGnLR0fQpkLAYOUgc213r73JFBern8JUDjJY3QJJGvtGjuvgScjP8LQ3KScHGPBJ7rv1DmO4othgekKgggkVNGGlg4KxLX05utxPBvZIMf8TuA6pEsrllNeGiLVN2w3SkUvk3LG4QHgZRPNGUL7buIkVJoWoS1Bj4zfKXF9PjF6C33FC9tNyuHR00mQqzkYHx3dH8V0Ggzdj12j2ZaclzT3NpI6izdVJrPze3X0JOHYTXVxbSBS9yaPXzxzatEIpVDUBRv05h6Vz1dleECC1YJTxrzUaw2jjwcBopKBwkls6FNvKIAni87lZBCCqkI5viyw0Qs5Xxqt0tpXoymcoAHRimq7AY5WKeaH7k07Z8sQPH1rpRwH27QlbVKXVnvFGV8vujcvcpoffhPWpFrRmhKztbd33b75mlQMigVSjHTl3buNnoq4ZHjNfs80DB15QiuOyJdMYoM0LF1nDPj7WoiKgG2RTlKyPr4i0r9RSTkTNOOssEyozWmtwAiMbLmD3PPj4OFswAf9r7x8eSLnBE7KHPFirkyoA8D2bxaZJRD2xj0dItbTAMGsQGo7TWy6mdsOj1y3y5Y2gMA40iSPeMCLjGQFQPDVTejGX3XkVITbXpZ0X4PNDAPBNQ8jPbwDgMSSmJXo2sYx6pJnNBDKgRGRbpr9uDENzqNUAKnVqV4P3KZZ9sQxKgKLenN5PVlxoHB1NTT1qDIzb9rc2UMJYcBZwz3kOsL9inQcv2uACiWObgFst4IO2CGOakXtIM4f6cUlH8940KCXFEXNa07H2899hudWNOzopiuO3MMJfZKP8JWH1ZWJsCoRneET45ZsAsxO8l7HGl81rEZR1P2NUvzgAZRIpJK1zs3JMVZnijCQFqzFjvWythR7bzGZc0hhIs
180213102346.225|3|tlnQ8bSTTVQME80FSDAM0PCXX7FcwuMAyNqSG8smkCpTtySeF2BFrRWwVBQADXRlwJNoaIpoLzzK1rmqnQFl5C4yjQLJa2m5Qghad5X35HZd3jshzwwsSwxd76ZusapDjfXgy1UZ1hiTb2MLcB2UZXtUxG9n7RCiObYqm9oZJrCdQDFw3oT1obLhbTJvJf0gBCcvj77KutHMLHwiDyTeB24wrhgrE1slKQFjQJ2rFUhbLO20kcM9SVre0cFPtyHqlTT06Jg8N0FB9RyPHBY2Ci54gl2nakcOgkvyEgL7cChZ7uYheraKtv17ne9sSr1hBeEtMbhENdqBZzWZnAcrgebgM00kQYcPU2aNPX6nygXt8pjaQFTf7lZKfnzRsomgLjMd8bfxzHrLYbXXxYiIPyq7l8zXU17gpyCOO1DZkYVVV82lJoHTq5JDlPoLz8GhvrtZgUkP4k9fDyKVcb7A1n2IoY07rkLHJpK5zDajtIAnLycMOJiufpQatshZ5JgFRbRkGW1x6rzGi77Va7d71ERQYoaeQdn9aUVjPWm7y3RKEoK2a7c7gXVNNifDetGUTiBoEHY9kfFHsD3GHFgjZ0xxUxyqAW0Sr4hBXiCRnaFo9LmbQNGl8FzMxwWN0Yt6IpxwPQ4ylKG82nrajNHn4lwKzyNrXpqM7bVLIYm6EiSDky7EkTr4t52SXg29BhXuxyfDHG9Opy3dq3eFil4e6CKMomfotzfv0MQSa1b8z6CmsjnjBUbJvAllT0jRZMAgybqgMvasZsMgYB0EnbpwUhDtSK0HLezu5TYg1iaLQiFTfb0MEjyHDVj8z6q35XWzV6Zs6cb2x8C68zCLzy6YRyLQUB1hMSjGG4Vn84yh3cMk40XbFTaYCj1f7VmMwXFJyrLUBZomKoffKXxrQrHGb4EPdKAv9mvPqiEGHBWAmtzEB0oiGh5UUf93krBiVMYPECt7af4IrvGmhyFl4Xo15CpJGjflNUkDLaxZi7cbje44TMpEu4R0yy7CNid3qwSQ
180213102346.230|4|C8cVi8xIh5hL4RwYDNfH9tQLcyUkSG4GUZUAg7en7kcrh8wws52XI188o1SP6WqBAgYUi5tX4Bf2hAUoaYw1dHj3D0oCnLo2UgUMmbNYfksb36bTHKWGpgOmzPnszCaCUFvAobwyf1c7qnPdXKuqAhzi5u1rDT0OB2umVLSRDZ8pFuT2NM0qhoPXnB0lzcy89GMc31miseqkc4Rszsh3Lf5ZuL0AAjxcZ5zHZnZP47PZCfvMmf613MezaQZGYEfggGrP6KKi99k2HwqMvK94DrVJ22yNhLv3cwlpAS7PnHxKLlwHMQUY62rieZwg1oY7mwZVOOlJR5WotH8df0cZjWb71iZxWIjvsTnXPW2JrbMx5NgeEg3H0wQnME9HMqWoJh8X0Aq3sLfIO8EwJQBdKNGVAZRypgiiaNh1ovTTTAn9MpCJkWl23Hdbm3FSrQmWAXyyXyaBOSDniUD2maUP5KJHeUKnPwsrFt5VPDrYSg8sigAAwxl8FaOVhvNRoSKYAh8CjaVAg9BafklCmPFiR7oVK18TqMtUNb779wldjQI4SGreoGXS7ibGXZL50rYyl7d6ORUdWLV7A3FtMThGMfRsDjM7uqwByirPMLGfgFT6E4wpK65CssG9XmcO7RJVD2gyLhHiVweL7FfyBRgxEuH08OgtJSJvqdinmQ0Eb73g2nVuw2nLXP8qUv5py1A72pMdkCoihjGGnNoPhiEl3zsT0V92PmcI9YWGNhvSxk1f56tLe0dsr2DrU4NXL3J92GI815oa3Y9MlnPS1TQtRjeUvfa8t7Y2YJS2urpsR2c0htHUloTjBJ5CZ8xxeECBz63th7oSMEtwrHn0yLDqXt2fSnqtlcBuuD8lIWIi1Zz2GRgsV5J2Jzq72iZnH3iT4uCosb9taipjT5T5G4F3np5qbgFypO8BEw9bethntebikznEg73o1VdXHeqzBsAJS51r5sX9xzg6QZUfC9PFmm9jsoK8yIPYJbmRCH304gwW7I2tiPfLkH3RLvNUXk6i
180213102346.250|13|S3GS85CnJxkPAkxxp0jzpnDZ5PgbeOOLDGgymRTVTFSDwuK7tCCu5UZkyxxLjA073C7rwuK1EKrMqASPuH97bl2IGRNcF7MnXa1sWKFe3MislqBtATce6Tp2aspLK8XE
180213102346.252|6|mhbZz5hVgaNVkX7R82bbUIJV0H7Yhl1C6UvhhYRLIFuFQCcm2Kqmwd4Lz13TpPUyx9jsUP6Q2b1C5onNMh8XFpgY4yRWbHP09Fsch54HPjkpP53F9h1fzAHsFIemSG0kKzS8mCpiP3wMGl9P9uF9TEX5L2PPqZ4NeDPnWowAY1sEVeG8h7z5JrYMYugwBmOP6nkuzIuH54Z0PsH0wiEx4Jy7RUuBnVJGiSWAdMOnk7zCWQMHrPB12OgvayV4MB1l5nue7xyQjjAhEoKBeQJ8rWX21XUdksA9tXrlxDJiQdH7HNDAnlZTg4pdlT5Dij3l5Jlqrpw6MSBFujLHuzofMMkuiAtZEIf7frmlimfnImgZZQsmttiMshNVHxkJlPrud6Gkrnwugyai8PQF4bVzJoo6XcAuqRXhXFnrSmkKouzT0BFVYID3pLzOcEYWxnAuQzfALlyT4w2Q6fZatMdwbDQni4dAjMVHWAwrzEq21uLM4AVntkJs1jn1YKaBPO8I
180213102346.253|8|VXkOSMv57dBPcBFyzvxY1fFcXyf2UYIVal4G8VHyqzD2W1TIUQqMqoYMKdVrMD2wuub8PWsqeAamASkETwfqw4N63o32HMhpX9PQeSuiZ3NxFWM7hTmySWTTF0kfjCaN
180213102346.254|16|W5AJ5LQV5dpJwcvFEciiLPVUVnMRcyQ3zpFcWUWHEZLRRJiqlP384W50sRpBcLS7i1n7OCRW6TEhkmuMxY5dCu8xVkIDk2iGAcBYcEQmisl8yWisASB279GfPVMutTydQDM0WkCfPejZ5AKBq7ggZbUsRCU7vgHd3Vcl17Tg926ofWxFIRWiHGSx2cFpah3hI23JxhnhOYZSk8DU0U3gGdlVdf3IRB9hIgndjhwvEQghS1I96pr6DAckPwOYVISc0ISjumFmS6c5I7oJUCKtbmOdwYGpzMjo4ZrQDqLnzxonHT3RyPSGllVhja26TBO59wKApGI9kZ7oAS1aOdIds3IiF79OoF7eYHChqVASUv9hxS9D5MUprPle0fO87Ag1hbHSqWyzZ8RfNTdKI9EUeQ30EjnVkumUvpv1u3XAQK0bbMVzLYNZ3YQhNKq9XQe7peBqwhoHAEJ6n3VH8yFzNKOQPYlT1kWja4c83DCG9WEGI94OQGVXBpV1GZkLU7Bb
180213102346.254|11|JUQXVYB8p1JzNse1njzIn8rSAEXoF0r5BV4xON9ryRjVDtkWOopkO91tATEG8CWVvfXjnzIUgOgRKSF8tmHD2SKmOYeDYtCGHFFjbzzIJ73pq77iBpX48eJTLWkv8mJ2
180213102346.259|14|Ul5doBmoyvedpWKc9zoR9jXvXTeNunVrVBXdxcZOn4qZLpYqtLPLSmQ8Bd3jKHSxGqtwn98UXAKyYgBmc3FNS3pZoPYn6xGX9vGFXNJE3a7mLeduHjNCqqjw7RdViZ75i2T43Ha2kKMr4vgmkiQMaXTv79xVy0Fv8Nh4muiT5ZosVaeygkwhd4g4ShVRPY0Ixcifl7MAANlQr2CUYPMjDZKMNILtPq9PT6pLn6KooBkfAZEAWpJo8HjLXkuoIcvRkfFWmACa73XWmSa2ybf9fBhcvyMtOBarxifohtFnM6HDenkMLJT0bpBeu9indETdoBXHiezWT6fIqUMf1VjqAWxmg5IF8KsvUF3gQ6wFErAsSCyP2itKCBQBV0vMgbPVUPZjFGNpvj5M1TKYYznoGt3CYMQ2O7CXa3w1njDOLyG6K7f5Hz0DezKpTSx2oMpoRXqDjYM7L2VKk2lCCXSzEUhh2msykMFYE8KPgpZY83fY0wNLij8OtX3a3CCQJg8f8HGqhg0r2o57MyXKUjK6z1wVBdZd9ONDi1vGdC12jRNtuSVwlYc4wLj2Odby1BsNitqgevbjhI34X04M5yp1nsQaUF2zD7Mv3jZw5fxgFLq5FokTmoCQLzFf0ye76bhcZjvRVHBG7cYXLCirh3zyF9qp5nob5zi2t5FiJ62HcwTYc0XAfBk7FK7NjZ41E2osi0TEj6M04XunpgZmNd4hKESlW3LeyDpBelnUxu8qDC52ez4TimhGtAZ42JPwZZXD5eo6p3D9VzvLXYRaLMC8dA6Soaz2t0jvYaNMhQJXWfTtHrniwLyr3TyyPWRz4XAuZ0scqsOsr7XUJtxlq1c5OWlykXOfmpklrqhIuDPYovNqVPd7w1kgjRAsiJ39p4Wp0z4ixrKFSJ0PCjcMm90RpzuSgzo8IuTGKOypZqBR2CKPQFY0oSY83H5gLk2VA8tqRjbJ3RowYcRwVNfooxEswAVSuSClLP8Dc8Hw2idCJ67ho5fXDvB3yoVw19tCMGCM
180213102346.260|18|cXdA9ZOf5wxnEMe3fl9h9uq2SdRqJOomI96OZnXFEm7IO0WkUmiPrrUYw4cp8FMIxp871nZHkdJcSyog6hx4HI4jplJKJsGIp00PFrJKxYBvMdidWdWEAh9KmU34shiV7Moii4SyQkYJF2tJCKwsHmaDoG2r60gcxVDRkco1nxxDDoKT6cG0PttLLh4iWfXnf8TAE9oWcYviQElwjEUp8eJJ4GLxSHVy84t3yEanQ3gEEfF3XZUoUNbiamyfjiVTEQ4wFxxADO35I4cyrWbfR4KDmoblkG7805PQ4aHeRlePY8D7BGXl1C0FHh7SApZKxb5GKZWL04gp3cXnqcBWGkEUeaADwStK0Iyz5cP9M0U5JYscXnIsxTRIoB5Y3DkS9qpSg5ZYOoigNwLdTlUxUtcKWlUISYugwS55zQkZnpgZlajF7t64gXP6MJ0fXloqlKbNboGXjhkIeOobMl73urHHzpqeqTAeLoYeDWxgivIH9MExOxBTyotccF1UKs6Xc0jYe99CtloATqaAyOuPg5LQCiXw5E5aiTboDgwLewN41SVILKKUWBJynq80msDpc5dG14ZYIzj6izAorEJ9QxyzlaccLgX4ULdNpIrkPOVFXACBYzYN3Z4yL7NIuTuaeewwzL1Pc2TGDBdIYARf0zcZ2WXjURJVHuPWhYpRhEnO53W3LycvYYpTqCjbDuzv3xRdnCO1Q1AlWvPtiMIET4X47eUFrMD45if10olod69qWXENxlRIJarag9eH34VWP5SsXBppSIfhMzTdwJHCfWu9LBWRxbgErDryl2jHHCeiCTI2210Z3cOWZYcLiBAOmXtBNYBGnUdIP8GZjX3QfSVfRIFH3NeCht5OiXHzd32PYFj6vQgL6upUNdN3wSNL17Rd45yxJqBCvUDMVBpnw9HTPo3GZQ5T9oD9dMNj4KDPmklTHmNidMQQhDHuTngDCSYzZwXU3roqlGPXamnOKplCMz7MgBZQpvUG5P9BQ9s0Zkg3ixw5gCyQA9znu0DF
180213102346.261|5|qzhBJE207ObnqPf6KKOWmJhhNYDoeyQZNK68qk3uoAXYIucwhAO0FiFu2GZbVTFj2hwEaGezRvT1mfTdl6ospWiyZDgZc88dAkRBtZa0E2vcehnOmhmCjezhWC6pvCxFLCbPb29vqy8jPrpw5wcRVJMVhNd3zlD33KjTM4HDEPOwa3E2Hr8zvs8pgzUQWydS4JfmFhSINsyUDCjmGZpgkkNgiYFDSKOsgwgknvvbqitLCcUginHHBF5fmPsJ3ZXPn9LY3yxSVIspksf8cgK7ACHA4fZM9xHLmG7SRXVKJDgLm6yTsgKA73R5GxsegUa18e62DnQkSWKzXLPUfUEtFKDLfibRL3PdBHvXKld4hNfoBU98m09jbwCAoAU19XrDpnSTo4AP2t2ub5iBiiGyOxg7HHXBuLfse5CboMl060noUn3VvkjznQh8uFqIw0e8lLjeaoPwShhauuUITeOscTxeYiIj0WVCNTvjQnbih0P58Zn6xJ8NpjOmKXZ9rLDqBdKhd7ghuC2irNmld3t9vhroX0gh6a5iGAnuu5Y0m8EHN3tRlpa4ljsWJKE5aDJnmSCMdOCK8uPI7FGk4luSlRUv6UFJQlwU8jSkXtyLrDN5EdVQdAUC2acTq9FH4J0OEEfDXLjMjMfNPvueCNhPfckyF5WrCBMm0vUHHDwbj3P1AeKLNA2fVHHuZomEsBVIpera7EjO7VoWXUVoprFh8begh2vLEJZxqEfSsyHM2p4wVCL4uTSxl3XSwaUK081dNDLEde4cPUJNl1GqU88bbeGOgh3OHIsn1PQ6wVCmI8BMzFuC1L2SoFg76dam6XW3PyV9MKvHkCcw27Ne9uKGvxIwgpNzrmakaWEpvtwZGKZaGgzRA44q46FZ5fUDtQYoRrcumUyy4kWISrwTn94Uc4DMtiIJdGIyIcZuIx8IasOVD56e51e9CcZapANw3TfGDPvvR5q6XLCDqZEh6BXpmPq4VOahUM2Jc0Txr97MvPJfqqyM4iwPpygOi7n1hDWx
180213102346.265|9|1yJrMXwbv5yR74y7Hxmus2PsNMbjmTuH6KHGaAd29jLmDwzNxomKVlg4DJYFYLVaewbFeoczWrwb0og2cKOY1kbZNXdWXiE1IO67dG1tN2oPqjV87tGmIe56ct9BNPYG99TuU5hSvGgZ0UnRfv1ffTg4jufkzdtaQZOOUWSddVmMBXhiBDfcXUa3HlrZ5qd0sCSWXlaAE12QRzr0S7jIqbjIaPAQszov0hBs4fMrPQ8hWQ34m5k5HCV9fBDs6tqjky6x224bJGNLCutYBLvnFupAfgD3XOdIcHovQAkmekar8OgWCv5dvYFsP8v2Id3tyV7VSRSOXXFS0x31yLZgVC5Iddx3SbN4T7ridKbrh4NYMHjkrDez4FqStR3rnqeXoo8hO7NG9DQfpPENHDzyudiEXxRMSkGtXj46IpKhJKknMdx1A2ZteRMGNBOlqcvsLRz47cXDMc8wXnyA8HoI5CCzkjrRZKLWbMBZxOVruh0eyGPqqeQnmt7XfKbZHulBjFAnbkhHMqBd4nu7cIhHsVePKWoHN68fizsf5It4rtoU5ciBhxJaQodNOoqQUmcY2KSI64l6ROjLL8aPBBsllhv55pjIq6X8x4AYWSezobKsA1nJvA1BpaFuRvOagaPJLm2Ve5PVDoTrj4BD6qmXo23NXAS9wdvwlpMMz7xfudrcMgeoTqFZVA5Hmc46GsYZhnAh1d252gTYPwMrEZsGWibE4eqwS1iLec1XryyVNcz30QlMHR4lsehKlEzST1JJtlKPLCU4bWCqBivXxS3BFH5EoK4udzh1bkcl4qpdRFpOE0wEBBiHFAwYqfgzo5qg6SljA1GQ3ZKT8T62bgMqP8BIwWwxTNb9CX0e0upgoPTPCh1NbpJ9h6lvb5KGm4wRaRRcPtHoLN1MczSM4jFA2JE02l6vM9OWZeXg2eNiDZDl8pLfssrqOtbyL1juFEuWLe6FBeeLHnSwli1NxajRQRH6gMKyt0dStMpMOqzLhriimktJdOAW5YWIj2ijcQ3t
180213102346.269|10|UkP8gnnx2bJkgEiMnwhCFW6fvpDXEISD7AabuZxHAxb1WoTit8p2dgQkSfQrZugdhZmQ3iS0kbJ5hEn1VjuR25FqQR8M0nHvvzNLObaI3yETKYV3Et789VYfXJ89RZw8
180213102346.281|19|4lU4tUDLOLMMMM1BtPpc53ePsJVGDe0FthiPEsQXocMLaFleyTqgr7qrResZyLFk7BtbOSKPEvjLCTWeg1oVXswBW7Eet2ZletTmPgOA23B3F2HoWybgYjv0VsHbMZjhvXioSa2CGUI5ne08gnUjGml0hws23TOS2X3LCN2NghIhEFr3ttt0EJRxRH8Cwrm8cb2VBGAjUWtWARO0v6vUHolI0XCZPnGUP9NYrvKetCPyHZ8MN0LxnGvz41QYci3lj7gQ3rDVxnbSoVpyU5bcON68B9n0XMn6S7PpLQr5jHXTcWQBKmg17nNWVx73OPMYXNzbgxXCWJ6pNe9jraB1m0oYKBy0WOg5NdGCceO2KIeYEHGiaG9WXSA85ceYYeFZnKcygIkKqaEIB3t6AtgxVUvm929TfEa1gohpEfLHvQopjqo8tlaUwQlN9gqu9z0IIMFWJUnmCcEsXUR3s633F2hl71azkun1pU7JGeiRdfNZn4vYlR5lwijwtwVS7Lox2nUCK6jqMEyTK49JfdebJkL3JDIoeOQoIPlGtbkOpwaGc20ghCS2nGahtJFSwxRUk337446i2KcmIES5HBHRzzGpqZZsyFTaFsq2lw0yc4bzcLZVMz9qAHfjYLVB89n9XlUQ7XNEbQGdoWH4wFyjX3J9neo307N5QMTUY95doFlRV2qzypxForPUTZE53NnLnhq4yC1vpFXDSekN3FsHk0lL3wXf7rR5bDfwvyLtF7ROsI23n9Sk0km6ioJlmY2ViHVYqFGOylGwsGxz3Qa4BUmcbQQX2YmmbHNtODaWgEAgl221dl0ZP7O4aN2au2fD6522NYy0DHAuhxXufqusDvgOtoLeOCTANHeCcbFKKuEm1j4Pl6fBzo40slSOC5wiOX9bIoyjEFrpJYThxDSiEuCXweT6VLn5n2CuPZe0nqZxQhFMyP4O9FgCDZvQ2z3ajFO5c8G94tfHKwyedLXL83tgxcF24rXprZMMeT4LJWUxQJ3w6RxMiXlBIxATxTdQ
180213102346.281|12|lexLGNwASDTjbqzypT0NqCETbg1sKi5iioLgZn6Ufi9GnfysHy2CXA0MPk1diRZFvM7nZv482xvWw1E5SmTow23MijGoUD3QBFX6jZAwJVKeW0hWxWZCSbl09ik19Yi8pKzd6Z3Ps7aauab7oFPk5Bjur75G9QU0JtWcJg5gxFVD96haI0Gw4EILxXSmlOTqQeDoafLakk3Vkc0DEIUjcF1U4JkayhM21y0QwJ0SzfLg7rTFV0sPEZLc45AH4wDs3ZM57gnsMNk7XMyh1Jsaw1s5EKfv3UCjquFLMRWZU4y2EWcDi5VNd1N51KOUvyj7jUTXmX7x3N3wA4wC8CqfIJrrpPbAm4VGIFxKVhSmK7wfNZlEb8h2yLDUbIYH9J6uD60RPYO6TBdjIP3sRr5uwccY74OKZXhuzlhL9NkE2ApYK77LASL2B5Ia3LIwma0DPMj8sbICnl30vpecVeXi0nqGGOLwGlfOJrQaCD8QljY3sjnJMaIhsiaN718MQeZa
180213102346.283|20|2e0yaqJfpu3dTByu83ZP3Fbi5V1DcErsIUH69okiXkrjbld0DLBptA1r38wJdmwGZ3WIQV6JH4jaQEibPErQdLfdoyrVYPatYfbHuzQXQt97QqmLOuiDaeY3CDYRnlcc
180213102346.286|22|na7uI6ry5BcVf9L5SOclPXf0oEbBZuAZ15BCnxtLdgy3AFPLimitnrnXv5PEDuzWE0klplgxZO787kuANHxBhrnzovnExPs41CtayBzMM77lkh9CMPEuRcaFd3WIe2YFJoBf5ksNe1vR4cl50pNsbXa48Shj3MEleVl73sEPPd5oj4gBmUXoAHKhNKrQ8944O5Qrxoe97clVik1oZJKH0O1rFs8tkix1JETySo9nHHK8hl0q88OAbpH2kWTdN5ZIgt4wukZdurCzmtpuZoLbLgP4V1pWnzhnTz2xXpLG5x81o3lPyfY63d5rfQ6eYs8ipq5WOzCNjRvLaymu5HW1BCSPlIQOOUV0nvG3Nk3vNDtOmO5QhtufzRHJu4WisYx8z4gDE5GitQBgjQPVqRbt5ub89ieSRlJ6dRW0RY8cOe1Yw9XJ4ght352oxgQIqD14adYZv7Mv9i0n2hWc3bmHPOPxPqYKnol6rFLyBomjyyrUKCBYc8ML1bojwlG2KuKr
180213102346.288|15|44eXTqfdouTMKRy0Ho1iLgI5fH4n5G8LgrvAduuQIOz5XFdY7QvBJ9QzGatDE8Rla94Lxjzce6QaXyNNzEZEqn3DEZ1VptkyrZQ7BZU3hJlCuWKi5Ui4bdF4rCanQPZwxHjOKLdCmkDeTltsXekvkklBxGCEXeb8JuqleNBh1xMAYxO7U40pHPiWeMXraaMvIjMYOpH5EainmS5AzN9b3BNDTrPCkBvK3O8PbkK4EWcZ6UOM1K7lQwI80ggJeYETLXopxQHp4TfH7GWKOQePR2CH06vrOAo6i8oWnnE12KxmydDw1buD1PmVmgKc1JbZmKceeEKerAlBoO1LhKUJvRpHp838huy5zYpC4GXkmZK8oyvg8ZaTPgC5h4uiLrO7ivcx5wGVZVOfub6tE86NCcFEnYarwNeh3f9mpTBDEvI8F1Xmo0ynPYIZxJaBnG7M2wPHcEk8fpoox4RddjGmhxSsBX6aIKfFKyMnWC9EW7HbpQr8oaBAcFiDigB6edIb
180213102346.290|21|TmxeOUOy91qYEDM5OlRaLb8mVMgZrOFRitqVdSrUkIA6ste4GsLniPqzBGrKR8UWUYUxGDkuXiCYX1sZgeIViAHGCPe2cR9vV3HqccRoQ4olAAu0Fg7gs77CnKUe38LNaOv7pRqzqVbfkxYbc5BiHDMERJ3jIQxBkRmdAjbrN3VDGVhtuDX7uowlPq2nnSHDM26GLUXQUtXieeLmSLA4tWgf2nSFQnLdoiIp48MXz62eW3mtBFTPCrGzQAW2TceS7kaogKIA0xXqgzw9xMMQGSRz28VWEN6VUK4U3T6tWZ1bC6Z44GwsYhLnSmPZD2PLLdLohi80ZlTsxah9GOJV4K4tcQmOLCJjiiOnz6mBbLxbDenLVtHnEgzCXmPFkCloCfT3uxJ6c4Y63JuGWa0yXcCaH8uVXVe8rgPWZNkdCwHdvheyzE5YZxipknVEuzsHrnT5zYXwARPjMOJxXpkU4wwiDwTQlyJo2y0EyOgwexHLxM3gPxf9i5k7ny0SznsWn9FnSaxU6cvDsFKI0uOeGHmr0Dlb5WJfbQ2dciWnAOVWzMHR5m8ETmTQB0gn3MqxdSjiwybQZzApEHc8IOiDWgGcDALQCRd6NPjFzjhprkCtbuPHkpw0pu9c94raP3YBQCzFwyxhLSKRNq8IlQgStsOIZKu06cGc6KAlVqrnBPOw4JZmg1JhGC1vEehn29or6ocYfC8Ky30SsicpaKP7oQngtDHUzCZsyDskatofjSlHuhqccWlMyoJFAp7zzM5iZzFZufAzlJOYjnhZhrpRLEz7XmwzGfRZIFFvTRE5bj2sIFYJTjD4yr4xZ8xCBLdkFnh6llZ2IfRtVNuF15tXtuwxf8paXb7AYdgXVwtzvCjlJLfBkIzs1aARoVCTrZUpG2UNAvrCBQoZHg0i5QiMoxXBCuJKm7RsmCh3WLkJCJ3lXDWIZuD5KnZbYAT96DeHU3qrlDcZjYrbFvPRMS5Pb0bz3MacdPPDZupAHF9TyT2QnT5lEH2sA9Qsz3tS6Ra0
180213102346.293|17|CJFpBL5oZDYTNtGlGkEZ04tfVPQyGUvvynOKCiUrPrFFbY0XrzRvdcyl6hcSC4yL2tOJ4b4bYyIZV0J8lCXjgkG3iNJqkJ4uGTZbphQ3rrfBxtNnAIAZBKZnCXZHJZetmt2QexlwU3gnY7OhcXKrxRVY3n8kKgYvHrJ0vglu1sssmoD5VzudjzUBtVHAkzqhuBJ33cILikzfdSe02cjUy7UzOWxDI4ZqrF6OiPw6GCNcrQgNJ4czEGFGyQSbfcW7eLFw1WrS1PFXXeQBytOEISp1PJ4auRCkf5Da7VsCoKUVxkRqbFS6hWJrF3UXfJNUlyaXFbeholXjb755lNwBMGieTBDQ9kijUZDqKPYvl17iQyj5Wpit4jL7xxZCF2PWKtfFoMqk78uF3CoRjoxOlbdQUeIXkZ7jKM0dZVyz1WursPHAKTualiRzD7MGVbvGOmPmDlZ7OWbZp5ruSo1QWVLcJRTWo6cC6eBrwmuLsvNNzOWrWrC5hK8V9LHxyHQnW8rlNo1upuWdPV747wqG9L7W3vKTdgyX4HDBw93uOsC2ixT4zWrDAj5KHBSQJaA4FFEues4Gtlv2NSXNF14gLpYQZzmCiFf00vYpV6spJa7kb4RaBrcbYNLvJBFX5mNuktMyNx6voIQqOanWxJ45X1BY6yQE7LbLL4YZoQ3CX0i4C9NR8rXieyFcb02rNfnzx4xlIwhEkNU5oQSTlJjQq3vjtBBKe0FSEeMxUztvA48pcJZ2slrRWoH8BnGaksUEp63IfVtdr0aprBPgwhnjFREMRs4KRjc3IrHv76F6ji5jZMfHXBUkT4JXEu2Avi4qFMBdqvSYZ8uFYpEAlTb9sKvUXu2TSTuZRIfuawvNkMiPDNvBON2NbLyFi2TCPhK1ZniYWnw8ASsTqSHfSaEjoJ8cb0nM8Zs6tah8Xr78JQoeUaARqWc5dQQhREtVxEmic8IFQE1HytSC7Ns2Nni30QIgCIoRPR7r7paNQeVe5Xy5NpOY6jjrLeSO2C6Fo0YE
180213102346.302|23|kfAGSbqG6TTSzDyjeNNV75boWBAzNubrxExNhntpssPkBDyyHkUg5lCUDoWPbBCtCV7GFVLZdV8UnRo27t94uyKGpYyjbE5cmJyFgcUU3E7PnJb5CWvusHv3esMyiW4h
180213102346.303|24|bSJ75zaf3JriuRnfUZHvrq9OMy3kq3h6JXeCik5ptqCNo5iQesJxb2AwNbzq8sYAiyfHleJPqz5B9AZetMJSnCRxBf4IMOnrDHHTMiVmOXTNyNPuHe5ZYVBbOHmnHeCU
180213102346.317|25|7sPa5cQ3ZekqmEmoYRe9yvG5R4crw1VY5k2WrTEtUgvXSWu05qukkzQOyeAMAd75BRE2dX7P25wTot6y7gbQeQ76hKi08f018UA56r9TDPevWzml8gA9MLMFUFuXHDSnRTpyfr7jorpu6LA6bsgliRqxZRQ6eyAI66AF9xLOFSk3O7zvVg6T1zyMfkXdZv6zQGtnbGU83ptQN6iCplDpOUd8Stobefn7ZT9yrj0tdPitTSU1WRqu48seIhqAXOJ5tJIoUCXWk7qbVFjlEiH73IDxZrZzsO2HLlsE5buhLLQec9Ol76KRqzLb1EP2aWNxfMu1nS4gd745lUWhDVZcPZP2NIPFYRRYca4xzE8wnVZxy2iHSDiTGpDs4ALaUa0pEwKzWiBku37pr2u1oKX7FOOiA6lu21knpmvH8ZdDaciysDmI9pyROxkT9EdTSDPN7sBxSK1XJBAiajFCoBel5ea5b8VMffln8smLOEIhLM8bfM8YL90NZfnPltWKC7qocUI0Na9PIGOOg3rDtHmPc3hUEWhBkX7nOWYj8FV1mE2stBF0u8VS65rmKkUsH5dt8AoCDjTgQv73LQNmvf4twVpC1Ma5v7kORGYvLePQeTlpSw5SnBbttrOY8cEFeKifS5I9XGryrDzsyCkVRhinn3aitc0muzqFINjc2YKiI8kZBIR39SC4Lmog3b6WOMPoMc2hgSIVPdbRfV3x9O64IwY8HOgnXU0OkbYk4cnK9zEEu39Cjgutz7DipZAY0zFbRffyHK5Ig6gRd5YfO1N1olnuJGah9swV6PSuLPFfMTikvZenc3lI7t7VlUcRAXiB5eLGXAYxNVhAUHs3OKLa7Vdp6IVbuuvVR66wFBHPDHJF9UHo3FJopQeE0L8KQECk0DNDbj8EpaWC512X0BV3k63fip6T3twfpZXLqKS7JDc72t8QZmFwWb38Ey66oQZzOxnJR9LCdLUVKH9PaNwm0MUijfHiGOUwV5Flri9pOrTWS73aYV1dMhqtHkbqTNi1
180213102346.326|29|Ro43kyebBH8oOv5c4MysfsLkaJINTEnX8uF8tdrOGQbtlZrxhX5asvUvPYssSi5jt3tByhWHVfGoES8qmue2VvZe330fcxxhmT6wVhoi6mnwwBJlrUYsDT2kw0PqiPmQ
180213102346.327|30|yMbx2PxVzpQjf1zNw4ngrMGbHlHozZ8mw0atz1LPkLsqQmSrp7gPdm7SaL0ZreDJsKU7JtgUKHGUqEA7a5mApIChScJKu0dt4SCCW6XjIb3UIUZXt8eih5AMqo3DPkPh
180213102346.328|31|S87F0LwnKW2ZRiXYxN3TXC4L6eY7gx6jDr5eOGwg9HEAgd41Ahr6ucjcnzkGB2eRNVNfASBiAZte7AbZsFH4u29OhwY252kr9Z9O5wt7tHwZLv0DYn2OuX1NVq0xDjx7z4IPpYrkqxiMZlDDwqY9h4FNnu6geeiqOeqSV94ckg6CNzcWCZdyDl4RkoXOInj2oaQ1vuiWUrHI1P5Oe9QtWq44xwydjf4CwBwHn1z6jO80Fc8lo1rRRIzK6hgTortNDi6sWw60qpPc4yRTMyeja9t7JRuIcIeJ0mE3adXkAv6CFjaBuqaFqpg5VqymfTgWdgNsVrWHv1nfMd52edZAUS7ZKe9pmoUhAVvsgaZFGZTA3nmleGlRWn9S93cnyTjbvnJTUm2YUmakZHdYy0MnZqG4kER63WF6G3AOcQENSNQNSp4mSJVfD8bQEhhd3j4Xcv2lbskeWWH7BKU9sYYD1apN8ztYvv6Y4wJMG2gv4Z45mxWVbQZoWiT7DdlnP4Gu
180213102346.330|27|9OZNza45MpobyXfAsWj6Io24QuPAyJzffcF4ottsc4eLKcwJifDBb6uuaBNHvK2RdfMnHVNN9AF55GkTvvQ98Hbf3Pes3nhHZvNGyTeKHghZdPgyUW6sk1hFVVpHGyVCZpgoabmJdIh4PMOVRn6UEKwg5xwvmNCMpNu0E7gyvf7R5zQLGZkeBCjRV92C6gvKfh0O10guuLvWZLi9hqLTIqZ64nGn5jPt4wxUk2QaML0DRFXgv3yiH9WsnIruXyA2LjhvWjdjXK42Li9PTJHyt5ooTlmCZiRYASM1EisKk40NE7VhQjGkI1ZKVnh6LMBPDIexuUjkQdXZhNR3sPsLO51WAx9LpFviONd94R5dlkd6zz2tPgIJSqhEW6g8ACTZ0zS1kjcJusH3BQ1w34z7X3x3vkhEkcMyBY6rq2rt2chDKHIgTDWGarBkS2tMa0KirpP5UwjFDskzJuPUAFZ8As3gEZ28YFreQf0gpj4JrwDrB4eE7i9ttOijXYy5XrsT
180213102346.330|28|IJ5v4sfMJmD63SAaL6MGMFcS0z9KcVHllsK9hUrT0n29nBCdK3WnUWeJckAVEdZhjrWbDIrOUYiGv0RsBBFtmpbP0cl6bEWU3Q4GttwotQ4rMG3w2ECtnF8Uqg34iIEoReKmHF4NGO7KCFi7TUI7EfCdfT0WmjHIlqDgvCQt8X7SOmoOxHVu9SzeZRxLXllKc1ChqIq3TwEn02CXjE5UZZ9puvLKEnQxvJ5vAfBHsoFMA6VFQppsatPe5y8AjdutEXJILNzW8FZy6LtYYobyKNqChWhq412dJTkkQsrZYkMRc5tphB2btQ28LJgmoDV2IZqBGRlBhoJgpxXHgv6BX2qCwqXDYjSh8PLNqK6sEAZfvrLuMueNUqBQM8Jl90x7Y4yzLAjOgV2q2OPpYZ7TGy3lcBKxis0zOQCfPCNmAvjSNDVDtu3UMklT2Siru0UiXywoth129wXG7bXxebMBGbfDsschY20RMvN7GcSf2iCdkdZ1Sw7aS1EOVcLhe6L9qC4Ze2PQgsEwgpd5A60kYwS4o6vbNVaesX1PBlNQfypsyxsErh15jILU9ljAi4JGcXYv4XbHVYcrAaevXgOG0CyzvKINhUtdrMF5nT7qaMPjd78hAj9Ov1hUIPQdIs2NU45ewt5LrS1IEuADyYqgM9wy7Sgd7jjhFDd8DzMBmEReZUKsDBfBxURD7SuhP8M1WHGHGqhZIEliQSGbBRVDPjSxqEbSumYN3bq1LuWnIFRCJ4bw2n7Hl15HEF08IqtCLHYz4rkXYACEwdpDxRnpZU3XEGsf76LCidvWGyietTJoAwmIVwAXDRYhPMvKr6XXjByy75YvOXw5hmnBByr8fBLSNGQODpihmPEGihcSKOPAtboO8e2YZ7gB7aSy2w016xOjnBR3O0sn0n7dELthOOGd7zM9X0RJBLOREjNrhgaAyLIcyvvzUjcib86ZICh0iI7JGoGSowfYP9Laa9HiOUsKjBFnah3Izi6LtVhGFU6kaVWoMOabfgV1RtVJk9t7
180213102346.332|32|DANGaXTUyMnWzgGZmKKsYGXYxsAGTaeMSsqYCOlrlvPRjwec2pdIwcUCVdO8JklB4Dxvz5gts6wRcoYg0jzjxnIGbucNpnHH24sMRUiaqlaDOoLWcAISsml9fVS9v0GkF8Jr1zp8OruCweYZOK4GYTMNYqHa4BIhFPB6KLn6ovsNvx8uqcLkbtoOE5GNFvgzIlIyvEhus5dNh9x0J2XSOdAOdeHc8dlBS6cGbE4z4X1Jh1Wpt7V2j1Py9dBCjhjEpJsN5vJB1zUkyW0iwiPT96C0i7M1dRNee9UYKwcGWbIHOHa0sgqnmNu4YKjgaRNjXeBEja8Tfl6hd7oQESEXjsgEe3qusl9cpKJN3UIXulrrHecE1fsqCZaGqQPlLmyIL8HhrlQqCYr61DSWKU69K3fzfdrQdpRpT7uXAMkCigvAV8QWq6n0xaFI8Oh3sXzNNMrAdcFFZ53yBB9I4g80NmnFfpXT9EAzC7CjNXlB3mKiAndK2dMc7hkRRF79cnnST0jnCjj5QnIomtTxdEDkG4zISfUM4tlC5tfpjcLv2PpXDiJH4EN582QejBriXijbbOU713nKhTYrDcoJ0k8bA9l392o7iDLGsrFsXLuhYVObCTuh45WY4r5q5Ik2glYrQsy8wxieuXznX2i6udwyyQHGIqYZ3YgoDnfAsvErYXw99EBQeVXWYiMj8R9YIxuOLB03VLhq6aicqqPaPIp39D1e9NcTMa2OvmErRUs01TCOn3cKMFgw8uN8jeTGAv9JRvL1xIq5CYsBb5AW99z2XI3W75geFbNCPET6Vboi5nzAyA4zddJTA23HERLQENGBsJs6BvL2ml1fCcjMeZMO7GUZi5q86xmZm7rncRZuOcoIJDwhD21cz8M6VQGd4SJ6GsXCV3NEBY0rt2zgY6x363PzoqY7V5njfXviqHprP4p96fyvUKonnB7XLGzQjBeK8yCckR98sENEHvvhHC6LFiguXmKjlxreaqvUB5mE1P9YyE7ebz0AnVl2SOiWTeOb
180213102346.333|26|mmm4Gg0LRGuUA0pSKO6yXcbfYDqpFfu20ylCx4uSErvmYoSTIJ5kuETXSe7GbuvfMfH2EO6beQz58WO34Jxzn921703llDuoufIdfsiM0YIlc8H7Dy0MdQQyD3nGYB3C
180213102346.335|35|sdVRNqG5RLV769l0oxkNro1dgrNzuhspao46HwnEfAG3MuTOmnLp2UayUrKzOYm8UZgkfqNA0Q9T6jgA6PgY4LkhIM5RvcBjRbboTjjkxA7Qf95suuUjTWI2XZA9DA2d4SKmAvEsU5WYANJ2GAE8ghQJJbMrxQE9VXnrRikzTSWjHctgp3dGY52EqfaRspTrShBwGfHuR5Dp06ZOTlTy1ARjr2ZP581Gbre5815Rx6UbvMKKi5irPDctcmXxt0kknmFmVNr7kv2TbZU3zd7y1AbB0SjO2lqvmHThX95KKhxrl5hDuBxJgAbCyUge1mJo4BCzWTYfUNxnQLAJeIkqr2dZPLXiqu5oAEoo00Ph50uNh59BBDv9n64Nwdeo1RL7rxWPiS0IJeM1bULn6oRsBiOrxkwdsFknoCmwc8AgYIIOkH5QzWbXC9ghU3SZYoxXA7x1lBsJu0qNrwLl1L3A2l31LId04vvqDtBfbqdCZhNLonkHRtiYTzRIH3GPeAz0
180213102346.337|34|bfxu3220AU9LbGYMYM0aaIyXwlRG81BtlLO9k134yMBehPwUFUvmwaFfWot4HHI2AHCbQBCrlzZpQwgtqCK34jA8YFFl5FtZ7auTHAhJJFfgdCd8uQMXsOBPJjzvnoOroTVulLHhCVnhjNY5ZBqbJ2gr3rGnXVK4A4T82tPT9jzEm8hf3PpNKoPtNXY38skpvCjAnpO8ltBgXWnZIVgog6nqlRZjP3TGuNO7SPiqZ97ehBctT7A8amIHSHQNvjB1E1qMnJPf2JZBLsAxlbgHn2BLwKlACXAXcJy1Wb6659lLubrIBGBCTqEfYySWaWa7oU9mzz4R8LsCYu8795W6PQ31F8y7PhlC8c1Q5GXUbkaeegyCSbxLQRK7MpVeLy2ZYlJYOdUVSZFxmdDy0ykhdQ9HDJvH6UEqc7MasTgx7JhijRAa3dqeXfwtki42fc5HNGeoniNHbysUUTVdcGZ4bmMsYM18qDK9g3TeFS6vKTH2keKUpc657twFJHn8iqKe
180213102346.338|33|dsPdZ1iqmBqZlJdZgthXhsInWksyBn6dn5LUl8QeNMorQJGd7u4bWhbF6HQJVstRnecIOdjhQ5glEFEiF0kdxrVcGQWHCNJYpdnvj9p0PkZg21dUUoh9ZPdKy0gj9oC6
180213102346.351|36|XBndawxGeOrneBZ5hX0h9xCO74OHrssxIa6OHKk5Brvq7qHqs9Bp31ZvTyE5t4XwIqV0OdO8hBn7KnpxwlKw5cT7q3IOnzZ1u3gUJvo4YkPYz2JCBwe5fsz6YnRxhTK4yD70axwnDDgi15uoO22zENQKVojaRjCzUrdQb4jH1nruYi3aeTliIMoEUztol3kR3SDGlsAqKQ0xtwGi5TCIBQa5E6S8UjWrwmG8En5koyK9tEWfSAbjww1ge5OZJFn8nvvf61rijBbTzmXAtixL6lkU0wwr7uknMOTygg9pvfG4cI1AO3bfMUXPWrutnYHnYTIgaWOUDfRNMdZGJUXo7cdXiydZRIweH7J7qTSGqTaDZQ3nMa7P8XWaroBswyVEi49tefjsPfRtYVTYCASmF96FJhgT2MTvj72477w0m1Uo7jWPVzsxWcNp1gX0cqwvnc5V6CI1v7eShEpzqxFAXR9KpMwHmjp3ZUbQJjXfDkVtToO9a2nTC508mG8emZ8M
180213102346.352|38|SFtqjI31ktRWZ9nKY26LRjBkfemtCteS3HGRze31H7Uas30SaYQiZGaN6CGvtO11embK4p0VQOyvEtrAGgQCvkdBQLOrAlABRbFQYjTunTipc1pMSOTnxVp5chkj3KOi5REsVBDmUaN6erLg2JpVX5Nro72LbPlv5FhwvUmvPGTOpuHzPeU8TTYShiDejlFhwFa4UPlayn5F5RwLS1FYtCA6EyV70yA6fv34biDfKCL4v1SWLCPTJ3YnaWlp72pEx6DEVnOB9RcbFh94vdtt17ZGkvscCn2ybNOYlhjKnTQKI5rDehz7PhYtxPh5TqBQuNpGQh5cdYCnW13pusMjylc2b8b80CnyaoIcpuWHWOmHTI3OL3bR0NjG6VU2Oybdzf4guLIkck9FPcqWFGXq7s22kq202lTokwPWnrIDTaSdXkNWeyB4vZthuvi0Grw7IWwkLg5N3yClfCtYDKjVHKiIBMdlHLTUFdus5RyWU4TtuTY9MLE9XjNaBjEpMuLk
180213102346.354|37|6KOnMKF148LywL2xO8KF1jLxxdsvQMgBFArojwRHc8mWO9Csse4qkRzjwwQPrfJjhBZKnDeSss6j57PGueBsktFfsh4G3SnuCbupqPoCfW5bwK759RP59qrI02opQdl5
180213102346.368|39|wRDvRyvnS2QY3ITOkrqnyJIqvNPlk4kvfAxBjGQE7cpEpWIrdoRFaWSRKpz1ySjPrcyOL1qgYTxOv7Na76N8o9fhLvUIHpNmtl7QyVyOtkh2cfQcvZmONBtZtXuCqtJv
180213102346.369|40|ffoqOTHys5nGSDu7PPXGZ8vHnBJi9nGlj1ZOoUepvZDYEbh4IRltffiHdOcEJ9vbO5iJ4cAu6JZksDujafLsUgrmiK8Vfb4kcv4oLXSwyNNFBv3gu2ZeYBCHAY2xBUa9iFACZml7BYLtTaGLWxjXXNU97J1dhsOHzNuqEwXVzEdzeGr4VJ8DEbL0NeTafsNYJN89kcOo0ykDnqBfoqF1X6SQlNwjQbKR55q20VzVPIdrGsTCBCLSfDlgfJsEtldOqcwl57jQqSCsa7J9psfYCSKSMWfj1SaNByPK73EUrtSaRUaukw4b8HjVBQAZ9MSVi99mTKQOIYkKz5eZUpU3Wcp09NH8bkVU1ZrvwNuAhM8jNMEJXlfQdenwvAXtGaAhGc0Tr9Px1F5csuDaxkSPb0qtN6vmWS7oW29fKFGm95Cm9xmXvFyupleCnrx499GLAz5SZVgkMM3F9rvw8TRYOLxqXxXSG9NiAz7QeSm8nYadstwXWoSGyg2z2U0tgz6kLFSAyeGPLP48N4T8uPBGAvyaYl9EseydBo2d65QkBE2SqY9t45oeSsDBXH5LhLlMG7V2HebfxGH9HzibdDPIrv4sGyy4FN9P5czeHo2RVAyQ1d2g2lomJRB5y7Crqo4M0yLNj3pG3e5mZdX9YfLx1wdcippZN8TOaPGRQ5rlCz5vdsiNMMtPTqrjiMV1fUzLHpbdbQ7XgwDtT0rLPvKrc3eAiLaPMccmv2usgH48un66285UOcqZZxQIqCicbG9l9EakpQ5KuUl9bccKoiLb2ZzH7Bo08MGKzlDpQTkPBJslQflPGuS9W66RB4jRk27mIALLqgyyjLvJjXo6xO8Yp08N4S9LaHDLMnghjtLKmSTXoLHbYV4m9kBFK7YwvIL55nXZxB7XmFmq38Tm1lLyfhOdUsInIqXqutHSScYc1cp5XZuT6tMcRN3oby8zsFmtHbmePJCZP3nbw4DKMokk0ZVtC0pOjrXgmahr3MFidEnzItGB8xmdW2eMMBVgQj7Q
180213102346.374|41|OHDmkuzY3bmWFdWWSqcpPVEbeiNbG6nCcyX4nXfw4geEIcrh0I1GFAlNV8knKqisqpe3ghLrrHUgaLB8k7OIcRGi7tmiuVTZDVmODpG5Po9vnxdfHhsQpVELJDX35lGuHKe4k3AxhXOgfkBeM4FIcWq6m8W6X3vaBtNucwxNtoPiPa3b7aKF3iV1niI9S5i8idHD0Zm3D7HGyRkSychnyqDavaigWlhVrBSTSpcLDSBeybSw8yn2N2w1oOwoEfDnfZX15Tl75RyjAGXmNP29uEr5ADzwI1rrtUI2n0GOdtdsUciAEqD2n5N2LZazOvDvKGvqU692szJrqYaDvjDffMekdY6tEPnEDrJlz2Xpnb96fSomMV7FUyeb7Edyv0FDo1i8zy84DnPSLh6RleJHQJNa9OfvJ9gqUKGKWTWmaVMuGA23BfmLulCQX0493ryLbovwrNefA7lP1PwMxfv3hgnX0OaZuyr2Z1AZ3ZlHYfkcSllykb1IsMFVgEcAm4Qh98J4vyRzjXD3ZPmo21cOS7MzIszCpwJGLdYfLz1BClvoQIo0hBTrEFyaJCDYTWZ2Y4kxmbIPgyuSwcbEl0M4XMypD4xqHgACCXf7bHmt01e1CBG7a7UTTPB8fnWJaJhjJSI3U8zXwHScUflkqQtIGHga2n7V8Z5aNNp2kxPbrk0wIqFClsuQwJz7bBFy9hAFpbBiwjWJXEbnGSV9RmoI2g8tTgCrgWLFfCvYPjf368DhLJ3Qa1KwYQK0PNOpUwijzsr51BH8URJjlVfxOrZGzEccpT7vGfOz4mmP6rcHdZ9JTm3nUjJ00Bv0Dy2uX8FTW2jUho6DlZUtFjXtn0Ym5V1QYsnnPHpIxiKn0LQ8xrJBBMbA1BPcpOHVih0yh7odAvkm8t7g4ANfGuMX0DqipvSuAbQmIWT7Dn63c8n8VN1cteiHqSjfjwA6kaa3hfbg0sdxJl9qszWIxcM2Vsu2J1N1J7ZWnLQxnyJNh2mtsuk8NQmSuGYO4i8M4YqZirbC
180213102346.376|42|TGeggOfUsXELxlIXaL1mMFA6DWqJDH66SJ0gL76KGOAsUy2YxH1BbQb1RdGajCaXtJNEGOsXxCD7PxYRTrZTAwTAKQW4UuZUByxC6MP7TZNx9qRhpELygd8m1HKkjza8EdBbdUaJIdZFZB2vDPSsM95Xju8aV3McM9fPRKhWIUQ6Qq1QGoctuBq8SYXKdFlugRvtz088wxeijTPb7j669m6ulscksBKS93oMK9KGFZAg27EfG8jBkPdtWbzxwNCMlkNPQ4sQPt88GVbSVY5vRe8O8aRcJgmMa92ny0CK5yv9GbUYufrkB9IGOFHv5WX3VOdEI7F8iujPMKlbUwnRMTmp0X1YooQwRH0HLLXwsuEDWVPs1LtoXnnFFAj6nyqHjT7sSbISN6EquVdVXhzzWn4eGMbBZZqLqiW7HCNc09rNVsvYUJ0O3ni11cyLFcMmU54YwUvrwknK8yBj5pzCaizO1YWOoz5kw9E69AunMXxfRRivw6SDYKYGj9qbz3OSFQmgRx6jDfeeqMq0SdRwEGmhdIchYvsGLrWdT5ufFEBbSlEQAK3KbhNEs50iNIuwZMXCOBz7wl6dSFMcogcm2pXsAdF0z4xooD8t0eu1dsr0tAaXNxCNn9UZTYF3L499QErT3STmvUsMyQsje8icm6D8esu2Z4MSGqUn6wLEvCYHoOGakHWubmLweZtsJ3grbJjvTPlyIXepr0wfa7eHOCujTrmgTENjZoBwNMZDZ5UUhk8a8et5b4iEO2biGslBEQ8b6LBwpLjmIGRokKKA429MzQCqF9SrfuB6HMSaRlKMlQZCQpSzkn14BYBkoE0Hu2l1lxdd9syJtSzgOMd2RicQs6zmS22CaXE8UyI1lIxC7CCpKunvUcJwWha72O8SQjaR5ialWI5Ma9EqIwE9e0MhUuBxEaqj2KNeYtaeNOEie8PWTT4VEVZGv8rlmM70QEaaId6rOqjwy5fACBxJWitn3QMTLhSRPPjdCbYHcZv3tHIfpnAZwFLXOq0HjezC
180213102346.379|43|kSwegN7NB0gOMAWmcnpLwvJLAj2VBZIjk9RI15EOAlUgRQXHu3rwgtVl0RFniMhKSBpQasTInSyQyfycjgWHL9zLGeLlxyuLUa5o52qLC207UOTZn1Y9iEicSVwKJMDYRnuFThnnlXVmmKGFf14sTujOqdbC7Hj4HtmhiKXuurxOsWRA5l5LhHgPL2z7gMFwld7BxQ4PInwpfN8VdDJFXEe96B8DIRZrjc7fS2Db5uXjJiQYLpAK0DCJQeI3WXQ2Ac4xPcPmpumQ18wElR6FeiqyLUAmKJVAhU4PG94rc368aHQDOMq3XXsLSxQrGuPADE3XGNk8KxF1Y6EutG68MHxrMjLvUOXVCqLqLxikKx10O8PhpFpsfHZcL7FxTKLL927ks999v9GZ9wKYdldSD3dIUxdXrf7PsJIiVxYuPipWmo6b6aBfkFf1PCcOo10FP8yujvgw8LjzgTbpt1YKdhLBsLbj2c0AlXFg9VhG7C5GYYEKwrmw9VT6moKyvoLV
180213102346.382|44|Q2ExWBQFR0aaq1xrt5r8Qp2fjtSH3NCqopZ4sXWSO84GYuRM3Ojyw64DBcb2uFmgzTycIY6pmflhH2nkFyCsmDmAs9iHzCieIfaVlpBFNJ929WiUfk32HaTgFm08lTcX
180213102346.387|45|TJgKhyICHhSXNnn3loTWvQzhxIH8JHfPba7idC8FlRc9rIeAXz2nn7lJSMmsDjuZeNqnh628mAmOvi2fEaTIimggXWGfmb4adN6FlYxGPe8DRh9GYGObeVpZCWsVMJWE
180213102346.391|46|leFXd8HMXWkNNyQWGgMjQ4gUDOHykmCmW3VqfcT0no8m2BWWsWUNbDq6hKMaW3EFvjc9jStCMJYVT8YQGBKzxmyYsxua3i16GAuDuai02AV4WLjaoaY3bD4pG24vUtYQ
180213102346.394|47|Bul07SlleaXWjTCCEDPYPGX2SuDndrx02qCVLPUQ4OLORpNQJJqZTNwFnPWZXHfEE0zCdpT3GcsB8gvL6cuoWGF59qYIOCZ7skeRrwTyenJbsngJdy1cM98K4K7govTMkajD6KHt9bnZdOVFCDjre8fOASpmCQ0dJ4Jg6SF1M8FpxfOCvirFPCWkyCmBov7UfWyvT8Nbw3u7e5Yo9KjFg0Pxoc1tLKrOLtRHn6YA1fgQZVIQEbR9nsAuchiIqmIhlZTc1zF56ePvelR8D5Kw4zwVjCTpMbFzqcCz26j5NhUEHLprXpTq4JhT06RggKN1Wq69sLdD6PYKTEEzjg7E4Vv3sLGeJcfOOtLcGCi73fIyJjANOcBEthYOJt6N0morFS9p5FMnNBcUEwRR4BJLeNoG6tUUWlq7hypSuTzGzRoALVRGWkMzRl7t0P0oJtW4DsQlvvd1ypWzinbS6vaaQ9i7dwRYWbtUQobZ443McMxzlSDIr7Hb79YIK2sWShP06FiDX1YBvD9NSEQ31IiipVrwPUyjidVbQV5B9weyew8vzIL7tqNsX2ENM8qfHTwk1zA72V6XrwLwbIr7JaZI6BoAnJqcKaibTLcwiVQHBHxKwbkBAfLlcr5bp0ZnReB19AyUlFAPNGSXVHrfj1hQb0gWno3ftnlwx0VmfOfE0MD91fQJxI4mWrTojN4ODpLXzhSNqqk4ojzexMKudsFtO01mHp0cXId1nidA1Pi0kfIVvLq4FEjVWMnTQMIuuTgS27xrlz1WIhwuZ6DjDzNexjL5iwbpyUpg3hH43gu22jM6S3CmFMKHSL0sWZ3wXrR1X2A2gfTG9dXbn05TD6xuPmA9RsZ4J2mPkaVreIT0XUkNzb7hPOqyPlfUPAG9tCwlWXlKR3I9oaMTeInbGXhvj4mrhNacS02EkkDWkUHZZXQZBC5N60Xr7K2L3moYFIp9wVPrySiVf4gewDo4Yl0oO8zTfzPR9BhKzX2koMF7WjnPYtX1tw8vPyIrK3hOce4R
180213102346.398|48|qpvj537UYKdnaMxWE5CgknMl1V6r9bL0qgdcdQIo3rSkWQz1v7m4n90FZ1ITvuXYTuDJaWhBCAGFHBWtnhkaMllYa1a0MwwcFC0UF1Su0bU5oWelmKfa2uyEoQOidVd2kebDYEzwNQMc52BCpBlTPUijTcMyEjUUUX4naVgKt9wrfLeTyIwizGbJ281NXCr20oiO6oSpfwQaznwDtr5KYWmdPPZu7dh5pviCjDzbmGCkNb27LDmYDXit5y09PIYayT0aJDzm19Rw8tH8pXDdB3ybabtQOG1BIPLXu9eF9BxF1m5ncIuAxul88VxUNxczOItTInOiCRMdFbaXG0xKkhoVT5eWmlr0MHHMkcZBGMMWNKEUdgEwLghFBcyxzv3fbIZLIXKLYuJ58h6SVKMd5dpBdwBjQEbj8053yHJ5q4ykp3vjb30NMHrUsT0yivq9TTnuIeN9Fo6GSWOXVsuBM5yA4IzGrLl8EHmVZOBtF1jWSqK5Nm29JzLwGglDD2wn
180213102346.410|49|SAPSwnr4CFsmeeBji0Vqam191PvJRYpXRtePUhjLbjmp92hcmwc6P4YwJZPl14er2vwXTA4BTw0lMxIKe7GBf6V0nKzrVFrivA9z1exYHRmjnG9HvOyEMz0BOApK9gBeBPcXUWchgLa3ioQPOJCJsmGuebRPLnxvYrB1ZaaL0045JJO8ppNLMFT7IsUPOwi6JtGJy5IdUbdOVycDZqtljLl3T49TGCGEDT0gsi7vc56dDH0xAwZn162W3fbEhZDw8WGcYJaubDH2anQi8V1AJzjUJYjZN2bPvBpPXfbvwtsXwhxsJfJTBXu3KGbz7UeQ5qdLnCYPkuQl2Dzq5OIrMTRWxTGcttcF2fC6JRV29G7abCkZI9SQtVOXQRAed572hoHKqcvN3hdFJyM9HFWnP0VQbnSRkLuMMHx6npdyQ9XJAFCM5ttUuG6utrsAu6t9EaVtx5ZmZVsVGJl1q1bkzYexs4iTI9IUmgUOLWuRPNK2vC51xLpxk4F6YBX7iRHR
180213102346.418|51|zVzaKXBJfvfnMztsiywA0SoAVdMOOzVU7tEG8sdkWzpMIZ9DTb5288nAlZRmvGXOpN8JjZGJWddZ0kzJRgh0ypMtQXn7W8bmq4HAgIr6tlfUaG01azgg25EksCguRtlXXdG95hLI1lOrg4XLA2UDZICQmsQ4UiFznlkbvMH74EVbkKpT3Y7NSatg9HrpUSejhJdswgBxmtluveeLG49v7NqBcWstWl9T1HHadn8rE0cEAQSbGqIF7ZRHahmjqFosMBN7FKCkHsdIVX7f5ijNLlzSsWB0yg37unwC0e9qT015WYYcoic2SZwMoLY1INqdpxufmAk9LF0bbhRyTkICQ8QjcwS4bhsDonHdM0UP2KPIGIgxBHstKGQFdVLg1rPgU9BOBNvLA83M9BWGMkiQl0y5QjKmfdBid6MY55lk0A2a8ZsdKX7eGhMrfw714eWQckCFTAB7Ptf0c42U81gNqSWLwyWQRloflSbng0rMeqoewOPf9dZJ9fjEuTcTs5PzCoQzsFoKlfvaequD7hJunCi7Wv0NhX3CQsacfOydZUtROqUYCc1ttQcqlOw5YER1gqnONJJJd8PYGqZvim0r77sFaiEBnyvl2FBg3TRvDMRTyzUAz5GzrlwGefyUIqOS6EsjxbYcLxDPfIPihn6KLrxAGbqOT5KjrHhgW8ul6QG1BAbB3WbSk1vMLfjtCjtZDw2lYb4ySYXprO25SFKPtipuEytWlywD6mmboK6OO5i25n3PS4UIkbTdwQlLrbP9bWesSBphZGd3ApaQ0GwRV9peTPZRQD7Od0dYjRZuq2RgoBvkO0bQlbwdAfDn1MJUgZFLf43mrIMlzTGT84HnaZPUkHc5I0DlHf17RQvtZD06b5zd3AEE44EoEhgKp02Kw9Q5f8cn2U3Mr2sVbwRXmKyQICii0QskHis3Ftdp9BsHw0bAjWGwOCKO454veoCWYkDf0I1d3IBbIHs4EE4rX2hJWcOBGcLPyHXOEXsOdokLlAuYGjI44ClRrJOsClzZ
180213102346.420|50|AW1cWQQ8gOvONK75HxYsyJmmLlkS24T2Ecg2JAJ6ahxHkbeoap8KhfnZNpwStiel6oP9R92MNmFM4rWtnbqS7Yj0KAlcjRXiZzxyre3y4eKGYtM8vC9UqjKRUncX1GpSn9LfSfqITGORSEAjbB7HGAk1bgDEfwt2KAw3ZkE4CmL9mh2DU9BBhLysFwX5lPbLBWnPSCtye1NvenJbA3Z1rB3HHCcEYVBpAbcOxEnwdtfxKXCjnM6HsUUixr0yYAlochOUeT0OhvjSxxgcHUoc16aUoYqWjQMq9mwJn8o0m7zIGvWF47Ls0oV3of8uAlQVv6vcmCMEQDrA5Yx6QRZoJdZFySc6c4HkE7xSnidtUPovubLMmP2b0iKl44mNa85UfEqLJrbHKEK6SnuVgusXySiNSFFF5CAPUM1f2b7Fdxn5JaczDV4D8u07qklav6WiVDrDP1oq6wGweDpyNjGmELpb7RtlS1HatZ0NpjksB9F1xt8qJtuJAuwhqYLKAZQfoy7sCmh2pPAvihgFXV8FlrBhwI9m7BY26v7312HD6FUm88x21oBdF5gKafXM2pHRmpe1VB89mPOP89WThvPQQi9RGtkFYxm6EGYBN53lDwIraut16lV0vgde6ghhIZBFdDc2bFVM6Phh6yrFliQVNId43pp7qL6V4Zj0oOP2l5LsvHqqb8OVjjs75RvTz2LJv4q0ky4Ads9MDZ2XXBzqkATanlpCUXOCkGfXBnuke7ycGWNDH55FPPOy3nkhJe6w9AwRJg9UTTteOLUTNSkyrZ7bessoPqwU7oXHJhSaCQSew551vSaaZtSeR48bGYkM8uf5dOpj625rfRhcwSXYdJx9Ydaekjyy5EFHAOwKmIL83F8HyqOnZC6TLdHmTApSaUjzh9NNay2K1CTMU4TLqefQzEKmQl9IyFtcA6H67yaymfqZhaoS31K0jE8uV1hveioPeK4XFOhluKoP9xquuPQ6SSMUzfcWNAATyTBpFsltsTf5FTUVXjGP7ZvNVaZL
180213102346.431|53|Iuv69rKZhTBxN7dD114pa3T64iIPaS6dJ4W41hkONHgn4FE1odHiwtZQ7VwOgf6g82PqLMAVj7WySJx1qXoni4zk7pBlZncaJWk8dhwXryMFFWRm0eOhJRTf4QxDGhXX09FxntptL2vtLsoJU1LFfc5qkf0cLi9RKO6pn9aW11onIirhG43CVqiq888LBsbmjgd60f5NnB4Irnfe0Efba6MehreKHehSxzMI4e1IIcNCuiky0HGVKLClfa584k8xt1ExPbpZACcz5DaW64HAb0tcol6T0uMMUWRM3qGobkigVV1eMPXQFqQe71LTAwzZvr2UwsZBc014Dc8eU7HQwdFLgqhvvq8dXyd1zsq0QQKNDOmcRjggXgE2NceCHGQeEDv6OYxz8IsOdYdk3oUTdBVeiJiNVj7hg6gGzleTZCoWwUgTyZCoO4IhOS3a0kJLNHnEbRnpXEGyfXDVIqWPbaD5518UNqsmN3QyXtmDzboOhZb7035Udyy3nR1ul1RI
180213102346.433|54|P7BtCfSdYGUDTdGFhXJfMWihp0OPhntBobcctZGX836GqmsVB45LN7fKPQywwf3BzZpVabIQMNX2f8qlNJL8dnYDcxPRFeUlyMDx3hEYUJbS10skWr4AB0WuWo1bY5fm6q4bGx0ZXgoeQz0okPKGoVrANrh1ukCNKE5Zb6wvrZO4vhyIZ7YJlx1FWfAS8jSiVw5lnv0dZ52h76o6LDuPnnfLdWBg9M17Cbldi31hXjohZJDMhHUYYtM2GwR2KlsS4K4OPQ7I5fSqUX1zR2NREtNnteSeixq3XEaJuQkrZv8t3QExHMT4gMhhvumeuG2yzSmp7vKAvpNAN3yUS7vJVWv0yXBtwLthJ55Nt84r6gfGPnTgfmvdhjEgmos4Crct3bfJLihpL6Fx7P8ELxLAJrnC920NiKAITdkoxdcehjpW23hqKLHIBgUSKxL0d3tKcARixY6x35GAJclA6axtps91g3NVNH2U4nJUPaHZEt8juwfZgMbYxNon5abDdHyMuhGp7DR379Kn67Hxj8NnoOqhdkb29Ugvv8ANcMR53INsm1NIKgIhJQtMhzMix0H6V3qKrLAUNcaGA1voDQqa09PFLGdiMqBHdgCCEML8vdTmpP0AOlzdaGOATXr3GnEjDqNENlXUmQJrpVTKFmSVhFQwcNzCyCmOGpFYehfJjLTYfENgSo46JQxmngptv7arsHQIxWGyCBa6l8NajwmCHdj3VBZ8KzvzWUNcAyK2n0i54HvQNhoFLtqDmUzM23m9zpnZNsyvwq2ZX5Alw0d71tqufhiKUWn4IIjZQBJw1ITkrb8PChTtnMfOlF7nCuFvJ3kUC5oJSCetEobtEn1RDa4n9OX5wBNDkPf9TfLozVclcJsK8zIPnwytqFBxLqQphRalJll3jk5wXHKlHa6c3kDeTUiVLoHmT12coMYH35T96qMBaQ0M6LzT7aI41NDkzczXC3ijau9SaX1jq49jyQGN5SQDI4rN8SmRe7jWXsH3Fhzav3zrqXgSxJ1Er88E
180213102346.436|52|UpcjmgczFsjRAzoqHhJ6OsI5B0ULqDA4qsyzPi0lPbmMiZ78QTOxResRMrSvF8wRhigS5OaYkvvqNKrAAdDjxhWU5pC7EHJMTmNeZiETWzCLmP7FVERz6tRDRfpi8AKV23ipSe7LAiCPdATpLdc56gD2pOqlJjgdyasN1bsZwJ4sfI9gbeHXjYT7CPYmFv40haIgLsAjl2G7OaBS3LIwIx5J5xVDmUHcsrYdpFwLDOsN4VkjUT83V8CMtoOOhTXqadX0dznJQE4w2RNtNracATJ9hup2Xx88KeO4CiefUu4ol48UeTaQ53Js4YIquHqwkKtULUlvByk9BX8pKr0KIxypaFQwkkjSWQjhS1przIb3ceoVwbpKOEy8tXYvu2MLsjNAaKF7yxApDI2OSmLiwsZzcxYf5qWm2EjJWPZLkgbOGgwCRQueJq29nyXWQ4Hv1oFhG0QCLNJtE0AQ9cfELWy042AXq9P3NPv8BZMKbWu9lF41noNeolkOGzAXHMM8
180213102346.442|55|Z98cumkxG4hjZgTMEj6tBw6pEeo6ppYWopkSH2HiTBiSt3A8o1HXftMC08apxS5IzC6qMXDZz9kDcjpcR8W3cKw8HEXZ6uz501upISgHFcJn0KZeLhHudcdkdapnzhsCXAvvWzJpIEvF9qy5rmYLHIUfcAMGNlcBlbWfgM9NwtewlosaDM965fXwX8562LpD9ejie9BDo294PSQTL6GdZrnLP1QEY4ytIrlMF2WIrxHXAdctbMzroDUDcOkmFWQiefhILfOzF93F0SWfK0q5PQMO74JRMlQmp7tHG7taiRM0Vd07XlONAvWLw1jWYPO10h65OXQWcHmNfLpqRW9Mmlsezavexhz8PAmbvw1mICmRvElXyyxMGyZ6rRKl8TdD3HSrtVRY5erWElikrI5omnftsgDlwnTy13HLlhM3X2AMwn8zj84X6RSd2i1zBiXFzsBfXLg0m8w0ZGmxUHVWdylaZd3jd5nLBcwdEd14TOrF9a9UY42xFu4o3UgE7L6aW6OCS3a9gmOLapFx9oyhOifaAMLYEG2NJO1do4OxUweD1VEoAXOaMaWwWum0sE4mdEHN5c8Cy7nH1N1CBURgexRp0GKs8rxtezUzXVZ7V5WegbaX3poS2GZOr6xL0rvRu10OR0ra6rBQ7Ooh8vh7VZEXQGoUyrx2rTMufiy8vXcf4gtMFqhfY8UbhkQx3Q2NlmA0OV12MQv5xYdFFM6M8lwxkXMYsb5N2Pp5jqAAFR0Z5Q9X1UbaHO2888JvzispDhvEs4zHFEnJNJDchSbxtQ5IczlYIcJkZG0QRfHhyCCiDlDE4rLEDQULi3zHQHEj5WDqlESiAsq13hJpfy1w9DAkqGucoI0nhEGmxbCTV3ra1NYggRAIvd0yA74bUgOSU1MdVRSvxryhks1rYLUbmZUeMhERLyZ5hxNaOuqYcgyTsccg4hT5a5ibv2VRyysDQvebP01xMtypo74ZbvqCzMwLC6pu6qtA1db59jHMAiEgsQPPwsJocqwsd70xji9V
180213102346.451|56|JqZuXAicQlDd7gc9ZMAyJcvbOxphB4BjBh2BrQfbThio6kajZrIrC9uFh6KmHREh3mAexldBtWcBxArdPgCE5e8qJVBLGxaagq6g0KVompR5HofHiQSKsWeTqqq9YNOh
180213102346.458|57|7LRbGgynv4HqhIjDwNC7EMxi0QBe0eS0yMV9xkx706ASlhbK4UJmcVGOJnF6HDiLkFdTx4LJgCHTnWIav4VUTFxMVjAjk9ySd8rv03L7lMmsizOBPt5553N7vzFLLFegm75M0KwsiToPz8g9iZVPFm022P5wwCny6AARmBEEnz4rAAIVa2G34ps3LAANKDHz98j8oYVwVWmBuzch1LITEky9XkJLX6KaBUdv1lRiuLc5Tn26Jz2pHV3nOcaUlegFPgszmieN3vzKGU2RSdT1kxgmtpkSq4Yoov5V9IXd1zOIsV3p4SSSncpDJwVVclaxu6QWnzEIAphvkUUj259F9x9LVouI1l2HFmioVNrMvGhrHspowHA7Btd2zaRnG8BjeLvdLIkJMXbdVtstDzQAPEZTe6MfLeUb7pyms19scxylmG6ZsUIEV95GyNcB80k5DeXiBldkT8kiIrJLBIhjogDMa5zRyae5wfOliorZAhahV1AbkBdqOb7975tn3ZiVen0wdgIBjPFzyN4LmJz17r39pghSrW4r3IxsnMzshkFKJdNpdzavwsjWHUURC1uo2513ysIfZ4M24KDFqbS9OtEIhgEFVRziOgNWDnXboTOwRAiQeDeJrTXgozah0E5nJgXQYRTCejAdwsFH6jpu5L3v3N2K4fvDSDF4xEqxEhBBtWKmEPjKM5foAw0VpmupT6SPky7pzFIMEqDNjt8mI8ErDokVrpDdwvOoddxXlQYzZpdK2OfzYLAzFu8Zu8rAVOazapq5iIAIY5g8xCYJtPtN9OfzwYy6RioxpRpQpBr25LbHGstcNtWuBJlqOvRQrhgtjCbfsF3XrFKyGBSRkoKVI5rOIoPOkeATjS9YWabmEteL0DDCgvKPcjmn7z0b2C49cWe8qfQZWtKA5bzDA7oZwLc0ahNNb50MqD25t55BMddrPzYqFfeicdhS4o2Kac0nxtHFPplVM2dOGTP7SDt7pklpn5FxSB4T2XhWqZDnaMnqhBUJYDLDxR7f3Ctt
180213102346.459|58|oNUKXtrysEKORcHGdSwxxYuP2Z2WWkVYZ0TiKOHRgqh1lgzBHmvmz54dWZzaxBJyXWLELtBxg7Dh36FryJkkVpwG6kz9a1jWOoy3Wa9rSXP3FTCvrmU29OxjczinMYfNoC0nY7E7mI2dRXQHlrOtIvXGZCDFi6t0WLoyCv4fuSzV4uPEIZp9z7hsOjaeN72mIpbw5fmX3hRxJZvebBXjOguec9xrAgJoUzpsfObbZayAewTDSz2MuG9Wpw9RVP0xrtKOJPtTYKMu49qAzuFFXRAd2dPZoYRk78qgf5HqM6RybFVH9GWOZaY5m8yzlwXil3liN9UQjfCUR5WTmYb2Zpm5ph7TPh2XervVqyZSy0AR40ijwjUMSQY5WVBrBojUCuM8YMvjwGWHEYh6njHwhlYyP6Ql4jpXmkFQZnKshK3GNNm7ioqT6rlzSu0qChBOUhD9e7IOU8BaQaIJs2iiESVasoY7Zk44mgmz4eVwkxL3bGDIrfcBfpqSoJ3df8ykVsbgoesZIOmtnG7BeBESaqmnXa5Tetq8NfEUebZV4IkcS32FZaqLyuTQAM8IHwz4vaVV2sunmxTUePV4rWq2fTX9gZsAhYNU838I8OB2E111IxPxZDivpqsFCALg0nZyGHoUiN5e6WtqY9ZYkiNUerpYnxvopIoOV0IhAjsl5CnJCGlYMzRjyBh5jDEXo28DXRp8bvckkGKSDc4w5G3i66BVHFkwJUUJ0dOpLQRO2WQ5m5MkVoZB2Bs0VPjccUha6tGnoxNkkeFGdqc1nutRUh14PPD7bIkJaLTv1JgxEIvGYZtos2O33yTfwDmDUMJnVMldAyDLSoLGkhgoxHeP1FeqMgIsmzUEKvlEsm8RVkkctJrkQFtm3DePTAuzfR5lNVOmU4PvGA84Y7k3USfe3Xq8Paciz1XKN3izouHTzw3tGtJuFAcKW5D2xwW9oADq7LTmyAJe28Kg9zgRKTmLwvaDkfhG8OK4fxksx3dhbpzj3o7DevvnhvDPgd0h9bmJ
180213102346.464|61|cGXkdTYKTwAD9UBN5UfvxCmPNu82XI5GUCzsCpgpG7FV1TmWeL2HClkoi38S5Eau0REFI1Bx7uJ9VGr6f9cUopRajlHrYXxmeeSPZXf6Ma8KcqTCZP2UZWojDYKa2Sx0
180213102346.465|59|r5Kz0Kn3vnxL3GdbWMV6f9tLYhempzl1SR5kI3VaZXpMfOdikr8qtNQA9Jl0FuEZssvQGjAMv2aEYMCoUoaGGTbjCfK5P0z6B993joFqSRokexpgdcPrEBlFOiSPOjnU
180213102346.468|60|nLHt9lhjxrNWt1g4tZxGhbPRVFRSHiapq7jNZq9kR0sDVClR6D0AG1COZPoiuwW5q6ZhQ38orACWmQ76IlBV4qmktqpMbb7Ynflh9Je12ZN4l380Lt6qL5rY9tBDMkeWNCQ67C5zPqeki4Lt4afGqNMGJfOydB3E3yTnZwtxnLNUJct2FQfq5W6MV4G4dSrW3vqlGbtnQgiCLYbEtvpFM3a6LQhzYI1llPG8nrp80XkKhkCEh89J9lOhYg4qN0fAoKNNLiMI1gTUCFrY4UtkwEjONVTXcCDjfXBtLdknY0ckG8UdfeXs1AQ897oEaPLhsNWY74X6tnpXjSAzkBZu84VOBFblw7bvdfA83miidZa1tQGLYV8FcIBSrdCqAVwgLkrLkQk51z8cEkn9MoaetmNXwE7ylfpC2sk9z8ijxmYhLEve5i6FSdzww1E4QB6uKXFPtKFZC4LWIMYIjJaTbnclXrPHcOTioOHTbBWZHcSAIDutFIlZVqgxgLDNmPld8dW3c8fMcSiVarUeB446vK6WJ5znRjbvxM82DiNu6ig3pdLOEitAHKqlx1LCemcaBGwbIMRhbDF2lDHGw11ckEdXVsRFQia9EBb2XIoEGXBAY1fZ9LwlpZPZe1JU5lJRWCVXMQ2Toen26ZUtR5wELr1c5E1mVufLeCEesPYBQ9VeKR5RgSi6pzNOE5Nq3KzZReU20YimysGIfjx8JEUu3Tgw8cde5TWN1Dod4aT0nqsIvuWJpjzaDAjsCGtJWZYcP3o8sevrwSKaGmIDq88RAxQ2VVf74Jy1q3NWyaPHbw1MU8JnLw3DbtNkOGUmHCvj6PZpYl9EvrIQhCIlMjhpxcTftHVIbkzsWYohvwZdKkOHfmegSBzLPWzmVb2pInFSmB7jeC3y5sGOFw3XPrANrgmejZlVx4ediWFskAp0utyEsRr3qb3Vbjs6Vxiwn13vNmnte3WbeABcBXtAgnsZJX5g7gDINB5trnK86MKZSo7MyA3l9Tj5SPDi2DC2FF2N
180213102346.473|62|b3hXpbl8awsMzVCEpWx0dJE8hFCYv5aHeseP0NnrAF3Nf6NV186SMN6IQHOqxTz2t31i2wXxkowFZXDWF8Z2ZwF3BS8bpYJ7qTOi42faLr7PbDyMCOa24fqcHCEq2LNx
180213102346.479|63|ZPmYP36Y0Xgp4kUCGV18mey6AWuRuxhXOPRV0yGmFV0MK20dFGi5WmsI9kkzHYgs1mFFO7zrGzV4GjG03kAtYKr2K9KA0Qd8pIBDtokeqMS6fYbqzGQDJnC63PyxZBTIBDj38jb4ZN4d6FGh75JWK9Zx885FtTJxkLJZd68GrrogCS2SXtUzELDFrBqdJNzbt5c7unhDdTjvRmCGXtRjrHul6QX1pXjvfAhJ3qD15nfvPlopXebCKRMdo3UYFLmDpLZ1jzrCEmeA8Tm6xMegw2ssUq8J1JpckWEfGSInxEpUB7zZa8triKwi006XVFOESnkW4KJ3Dd3ItuiDwVHrON0rlQbuAj0x8mgOKTfqbI2KKmt8WgNhbjDFxDCmJZVwU2WQJjAJlN55N0LCZv8NtZ9Av7v5uhrLERKmq3HUB7XpqeGYKdMgBVwNq0z6wwPqYLL4Az5jr5HsSoG1uZl3szyLjG6hp6Hkwlar5B8Tm4p5KCocgl9rzyY9z4nlrgGl
180213102346.484|64|5GBWUlULmSuY2ndvtXO572QG5iQk1B6sckPGjXm6ONkkBz8NKNfjDV2CDMBntAEzSJ8UwwnxALEzaxFKDsThtBo88bqGXxGbeFm3JdzdydhqQq8EbrVm3R94E78w5ZF2
180213102346.496|65|lUUOn27lvfnvd3mDuoSfDJDCLsO6iXe8R6VyshUzmVuo8khYVrzGO8EDSZfLJo5ZyD2Ang0cNQSAG3ZNXYu0V9VCbIXJ02jCPZpjAkiHkHVFdkrI5m9GYywY7qqvW6GcwAvTphBv79lgkj5moh8K0qDlfwGZpl7NymL6BtE8erzlVtXq9XJffD3GyezJyDoLxctwQBv6s0yXVohlwVhHpXkkjOosdC99lekEGsCG5dBR1WKv393gwHfNMyaXy8yijScX8S2G7pMUqpC3p6sPN4EWZ2cqsed2pxALpdpg45ZG7EX31csadJmR7zOKTIaCTEYjItzySw03QPEcfuCmz9njcVXfDNHRU0eaS4Yfj8I7D12nkqiijY9ixc6GX6aw2kUtgIZL6CyPki1XJKTv85tnThbXHyg6iwHTXrHmh0D5JxOSo4TkmFJ9aC4eLx5geah67E7p9j98C0LnPUj6znkmnToshwKWfso1Rs59vATDZrkd3Lk2yS6sOV8PMWcvksLdCMm5bmWGrijhy6EUqbBZpTZH6MfA5yiCDcd2QKgkYvhBR54g0En7EY6h70FCz7oJqx9HUADCAdlrSluqjOHPIASIZMrttEJkLCGEKC2gxOjwJx1pA9cAMLftN0tdLpr0FMEgyHNAjEZj3WBYt1MqD6u1WSBoDPhsBlnPgVUe4G7b2iwccyIGQgGwrEppHrFxgv8ppq84bJm0kxf1Vw1fX3gughRw4w6PDgYD47XVE63u9bKkl0EM4U0rHFa4FCrLM1L5ZaTOuaWDYUl7lzJr3FHiLbiSu8Ngqhz0NuFchzLeHlHHpaHAkQSOxSCP0zvw6u32HbbXRdgHUgKXqBFGsZKUUlqvZzjLRGBxX90Y4SNge2invVylaCMxnVoRFIMTNceJjSyahY0gEM5taQjyYnCkz7CEAFhOoL75BaGVvjf7INrH8Wlx80McsFxdjehjiKeBE4d0oQ2aIuslJQrwO9O98C7MmHmk2skoRG78A47x6V0cIIRLaH4uBZzB
180213102346.497|66|oSnqGGnOcsDQg5McIRttbVJIAN6Nfim9v5yRgo92lMtkciKMfnvDgMat4cTMl5gpQ24nCeyWEE069H0I5skuXxh760XZBCDzX566kgaxH7qYYbl6mSJA0sQHuTrtffN7
180213102346.501|67|WE65py5ttzLIfFfhtOhkawu1cxh9zjjiicS7d4XB1ImiV6PmlnspP3EFxs4AJD1t286uMs6MHePpPqj8F2OCbRJkJKXdWX8W27OpNvcKLeglyj5zp8jV4LMtmdMCxuhfhpl32AuJOQAwee2TnCV7hoIDV8mkV8bYxaq68JQQMWdUstUnq1tTgmqvETp7PtImUPEu1up4V1eYGbxADAknOTm1uTIZU4W1Hlts9OtGPhfBieE4MM98MAXNoiEY8k4ifjnlOkpbW2a1uh0hvFA4Or6VgHFgXGVQXcnJ7N0YzZHjmCLhtnUgezL1dokj3J2fQFC7e1mWIEjiCyTPx12Q9lBvsWtkaXc5wvxHcxlga6X6wVFSq19nzs7pl25seTtHJVcqza454gCAzASFdFR2VmPtRNcuTmUumz5oncgkEOxZUWJU5g0atY7uxlyvIzcZpCQZpqQyVo3YFSAbPwZz6rmpOkpKY0hE2mzizdCLO1IKtjbRn1aWVEx33f3Pxv6R
180213102346.506|68|evFBbBD9OnsgntBCUxpm0rZbwqDJTyEMGWOhRi6MXXw9BqvplP0ssKXw3Dp3fVwmv45rI9v47hY0cvMER7Tap4okn8yEebtqMqpr5ea452PaB8AtQDksHOPaXbcr10CZy6ZnldnoUm1cy01oKVvY0bmE3ckiJy8jyhQoFCQNDIAJMelCyZwcLjcxdmBEAiYvHaXRQMZZpS3Q2pOMjLR2Mfa2wOcjUBQ8Tzn4Dkap8ioJDaDDF3lUPDLESDQAW4IJdD20au08eSxlsjLo2L5S9DlyA3Tc0WOFrutCHs5ylRp6QLKriR5yAFctDThAdxIl1GA03UqNI2bWMgyKc8cnpRuL0vkoofrgoWHdxiXEaEumd41SSt8eK1N8j2fmFRsTEhzvBdDCbTOSHFp5wwHyhdJlgUpJOscJEicFfknBeOZR2yijvUgHB568EBstr6PYpgdZQWDFeoQZIQvovClYVBcCP7JAY3EmZ1kV1EU7AGxecAOFZVl7ZZMhJS6za4nz
180213102346.518|70|MTfh0Pf4VKUdRQHgdkuLeoVV2ObnsaOjHghMXC91WYdfgdMw43FPigjq8sDw82MdmsQnOksEmCHHmqpmK0w9QkXouB0M411c9h3YOBeYcEqE3ykp5JqJivHITINv3Gulwjafgkv52pVFnufMKe8eerIpoHq9KO5vN9VOJmMEJYQNQHdIzgxBkWXDICY89x0pnyamp4ijWVPtc3hN9eltaARsKsKcQuHlXDZQ4YreLfzNXjbSvlHsa7idC09jzqnGVZqp0Qd3TRMTfhUbp5nI2cZNutb7APjRSLqdTsHh9DI5rzQS7EwdpURl3LZqRQWyTQHeznETY3uPll402A8NYoygcLCXKfTAfzKd4FAalw9R5paR0iZY3TmqKiJ3VkaniVJOey71J0FTIe3HyHgQekONCHR1z1cCGS5PJIf1Cwzy8g0HC2tEqBi1vuonmHcntF4HtXx9C2OTnT8IPOCn9lyx8p4hZhKaYNlOsUPKK9Ss8ptILhrxDzZrhHC9vrh5nWelqfmxipdLONDs5jaKh97aDnWEMBZnnldYFoMTP78JFVqIxTqCqHmSHqTnm93IPfxbQzByr8Fw7dlGMLgMz8My85dh478uDo0Ab5XGd4iocSDMpy87UVEADTyGdM9j3S66PeLahuXodPZvMEAMGmnRetl1aXVh0YyvKymfmN9C1AFu5rF0e6YKLkskeLjBHipiI6IG9iny2TYZwyOWgiBidZTQjsyIbngXV8KfmVlYa7mO0Gq7QXN5wTIKaM1wuzZcCnzsh7bTx0hwgr3T0tK5Yoa7ThKx9zlCuPDRyDXTOU6SanJ2jBcMuMXHKHDhKAMrjf1OVrxKFOdCJnjXISLMbwJIhWpRQ0YFDvS6IBiGZ6289xx9qnvE49YBB1kmjzTgz0sNwj2lE2Akzi5EZI1fCFHeP9OX9OZiyucEmWXSqvTEDPBeeR85yKnJhFMxyqqHALnDg1oQnWio9Ox24jEWK8gdtBE2aO0pTjzEPyCVRnlx7GiYeYtEYTgcOGzJ
180213102346.520|69|dcBZcQk8UhIU8Iv4YjEJUfctwtltWYyA9EzV15VZXiXhpz0DsqnQYkCpk6FrAFDVD7a4r6Nol6lViKKt92KG1DCeavwdNFwjtJpfEVh1Rt2vEDfjIzEi7bpoQf2lIkLUfWNbTbElrdPNGHj7TXHz2mjVBeMa2xmAupoGlXYzqxl1E8clo8arjNKNxqjsWxFjtnMo4NXqgKpUdXRDMIZzujXm1HniwIYwCYqUgrrfBke6RbCwCX5Vxp2GFfKacfRLHbuNXdYORxpwthcmNWcFWJgLXE54OemxM2IUXTmiiTcqbmpoIelxuzUXlvmQEc336P5q7j2eOzHKwoa949kxXOM5GIgKQeULvZI88ujcAtSVj2qYbNlhwBgdHPJ7BMMTpt39Hi4uoK8sto90j3vswsDgjbzKgauk8Bqom50pvJKIxrlncfo6X80UYZUSktUlO2stLel6FeIc6VJqiC2Hzw0Wu0HAFi61mgpEHGwEPHMBQF2kuFiBNUIbwFhDn6QNjqx2WhVLRCVChT14CU3mgsCNAzJR6KOZV1knnD6a1odVSsx82NVUOgFWecFINTVRd0sPujmirSGMnts008jdLixJH83MtCSxkG2qTHUOUXjN9zHzNkGX0CfxHeMQLU1R1oZo6j4VG9A5zVRJnpAFPXdDCt9TpL0LTe2kaqVUMvLlou2OAX30ckWPesrOBSK3cl9EOBq9smrocGuyLY0ttGjvpPM1j0KSis74vozppoyX85nwFrFtmW42RZH198P5m876TUQm7G1FEODTJ90Y6E6Avl7OnVk9jxw11mY94nWk4TYUSousb9gOCOhI35q15Iks8M4feDIollsGZdEYQUFDvbaRyhsaNHLtUIUFwiTwhTNxr8uzCxpAK3byqBvml7DOBGPWf79Q5XuPKHsMWZJLzvJRiSU5xKAGQLyaJE1niM7BlAwMF7FNtYLO7FEhI6cpDkQ7Xx8qKAVl11OunDhDe3FK1Di4g3seSsTWitZmYdqibK3bIaecNjsTzERc
180213102346.529|72|ywnbtFi9owsUH3TehQIZ0TkaZtHjgpudU689HLQKtGJkuAXi77j6lnPQ6O2x2pOGCqrCDUuAZpJjy1TPE94979jnSTKvgpiVjpdmXON2jooCcbJO4ddt6xJeGIm3n4oiEGSalrLadASqAgF8eFXwjKLcU2iniCAQdFX5PMWY4bFtw0AGTZavTHBBlj1w8MJWjitJ8JMBbMGB0QzyXPm5p8kWKDV30X4I9AzVAbGRrNvJCoxIJW1qoO3NZTzmEhFmuF7zBexrNBggTm2KnAvcVs7AHZXe94lFcc1NMgfmkqddzeE4DTXuVBdIX9ttKoLyeqgcWNYG6hGUNNX5XoMuMvom19jF3EScEPF4EDmuirKw9x65qO1FiGgYGtaDWkJSYIrymxxvLR2iUiqEaMIg4CkkEQQL39cEWpAmBDCZ4LPDYuwyPFvmKvLhbr8Utws8ltpK5ndKeUzMBp32PVDcn5JqQ6ECDXQ0MwUDonsB8gXVuY9xukP9Qp9Ww2tKPzVT
180213102346.535|71|mNoErgGLepUXSRQF96qgKlVnHZEJbGc7rkLRQgYPYGMIjuGkADTk29duAHR6kvXt8f4Vcvqx4yftRWKYaWVj9qS5XJ38TAc4Hol9CLvQS5AOO4nBzozSRT3R7CjDFTI8NMmb5ymCHGBzsI7N1L7Qy30YJSclpKRibooU8QWytcTMWlj6qjEN9Lj25PlDC0XDGSTI83kCIxx6s36F5viZCuDWyUO9poM8iQ4XW2qFpOVThy3sPAwf2M6LHVAz2cJJZMNgsB0KCIRlG8GBecCaY0uSEm2a5JXbOf3pJqNOPWlqmhkCI7B1tlIDynjiQANU7McMlvg1ei6lsfmDR5CiyDHZMdv3ROWWyj5JIKCYttTMFBDVfD6hEmybHLfufSdUl71mKWIJ9xBco0wwyLWp6ClFTHLjAI5JhhJPoeNQt7KuXSGs8d96Q0KSfbPMeCxucgsaO1uCl47K6odKDogetvq6y4vRautoIhmKMNGnIXdJdktyYvKwa3yGriUJMS4w
180213102346.542|75|SfhTPTCYARhZkgIQNEVOQIxDiVEQZbG41au2kBnwklilsAcwHmaXr8IqkzxqI97YntphydKbdX8t6QuOJYKKWlxrIkflRptAPAEAl6Lm7biJawuo7KzDLskbrEOozXp9H5H86swCfqIKCgkQrocAw2odQCaMq7jDT3FnxAKTec6wRmEnsVXNHUCr2tM3fxWDOjwpOrWDlazZsZzGMaYYGBQUrF0m8vhsjvyHfPDCBPB6B48OtKJ1S9WnFVNiRYGJT1Vgs3k5UG2Te353k31yKsvkHQPhrl3H5G296LnpA3yAdFKZD0S8djIa8gQ5cwVeiAEBchX2Hu1TDHOvTpqTXVsF0Iht4Vbhpe0VD0bBWXca3tB7FrO4mdgWgSl0Pu9r9PqkpPGJ5Kr7RYk437EWrSTuFwopmMbGWCCeqSlMoUcSXvui6ZBhRqgI2ucOfz3VmAnexgko5VClV563PyasJ3tAtWUnZ3beQO8VgHcKOpUfZ6HCWhBMy805C6SqBKY03z8kizJtQBXEngsdTZnmvUWxCg4CC4oDoWNIGqvleL6JWobLthFEyV70RAtHniX6k25mkQ9C3AiAjwfBeSn1NBkRwrh0av7s8ukL8d53ikgkvVarnKFMv7v23ty6enAQAzXgbFwg5TE4JnAhyOpyJUuYdFGcr3le05NlJALkwH636QvMqBBlfwA0GZGbPZ4dv9BUBAVYVAn6taXtu5po3lxt571STl3ci7AIDO2PUAEJoPoRtqDX1Bqsx51m4HOz9Zm6Mn0xYbvy8n8XA98r0ktDfTpwGW4TnzW3VFJc6IFoWwzDdQCKPRy6xTqa43HgYrgS6KPPfdHPhuGGArYyZM0ImwIYJ7CmrG5BEz1IaVs9PDuG0amgia1dpqVEK35M6ZKhVcD8RtZItBktyg1U67t4aca2qnxcWUntXmNYWooWxF2jGuLwqFfBKTehRObebxRLXuvqFf2AIbp7Xp7TTCzXrSnRAnARF6tQN5lp9qUkxTn6wX1qcJ7tEsIpCamU
180213102346.544|74|9nv2rtFSS2k6vpEyKxDBmRTL7tUF0E83htVghXDfDkuXD6eeg5ewl50BWxPGH84xtooDPrR0FzkgMpRJCPRh7RH5a2uDnKPA2jQ8Q2ImTldlOrP75zFpfwkSbvhrSfWFD8WtAm0CODqHICWoxpwWqfcuXSAw46ISSoSzswlYpENM9baeAE6Y6Y39eg4BM5YAgSRRIIougVo5bM1lOpjnLoDzJ2bmWtEs8uAyOt0vRGkTTsNPEDrHLCcTTrwWBXLElPpBaOwMjnLbCcimmXMS4obGQuEUyqOxDtQpMQ5MbbZQKVzW7ceYZD9IoX0VtDGUA2MQ64AVNUHXt4SFQKWvuJOALDnYtNZ8rfHBlBcVflT15Mhmym4yGb3p6hWOyYv5wbttAiRg6JQqbDrC8I4FOENw9E67v2u9slO4CT6SPL9LSNVDl2EJ6fjG2glegKkE1R4qJvQY1K9WlcdwI41Vjgj8h1qWvFPY07iombbsL8ZJUgtSDn1jMj7D1OgBjv45
180213102346.559|77|ts22I6y3xIT0WqjBTslg0IzonHJkdiCMKmYGqU3ihGWIW0TjZWZV7tcK04tQFcvEj16HPhBibAy4m8tNG1MMXaKgV2q3jGqhZgFS5Din4iJWRKrxIPcNP7dq8kRPI4z2C0954syJsotshSQoTYRtA6C0WDSJvxiupgENmQihdg87peOVYBncmRG1ST6fMWlEyMCVs2BqODkUbFTcKWax0tUnktOh5Dtqqq2v84GEZyqcBnP8eqY7H0Ppglrrsrut8Pm8lu3CgTALIIG1gnpOCx5uRyYyPkeVi0SsiOkCAumeiShddu3XYETTN5sBdaq3fB1gGyX3VEd8mdZf8ge6Om0D7HxHO5UF9V87MCoi5dZSO2JlFwQzWIs3o25rePdlwGwhcLCSykTFUFGralj09uYGYjhmOeTz7aw5XbpLRQRFDCLi7uwzdS6nBIy74HljS06XNYU44bHaTZrSEkYJOCSe3nwHOKKEvVLJTLLSFv0CznlHaCM4KjCGnS2fq2pi
180213102346.560|78|sIyaGzt8HnqRH6Fn521BrXQobc3MX5kSPCaFehOYp340luGTrreoTkaTI30h0x8xzYXE0iLv1UVg8xKKCKEqnhtecz8plilv4to24uPjZyPHRCxKswrFgjzX6VsKqMwTxNJtgKFT8rNjF303bDjjlGbeIsqVeX8hCJ4ra885R8dGA48g94HZ6F9SGxuKenF1Dw8dAA5I94S7dOookvglGNxpkdtK0w3WQfjkMILIx6H5D0yMp9MQLQAJ3asOdkrQ5MLnMDPG3fSGiV7DeHbGCEEwcc6wkPq4cFrK2xhBeHrWu1lxZgG2OOOEVkz69vE4F5dVeYgONqJfCrdKKsaAS5SbnFp6bwcNG189tl8BaJFwFUaNF3yxGuBI4l1EyjUgfp8ECCKcw5ncXFKopnZzzAKuN1qcWiPFvzc0xQCRkAjtTq16uuc05zgTYRFOG8dGVXhoYMZFwFQd2sgIj7EgHELxns3aqjtujNEzXr4BvYdZ1q0mky2R8iqonooLKbnCDqsawaH8hEF3vS84skuIH0HLru7mFHnCyMrvqoBNv9AQpfaClr5On8bqYDwVe0isjk0lLmod7izCepOocHPE33BpBmRJRQwCom12u5ZskksDHz9Wkc9itH2nAkAG3ujgmkLPNx3zknJ7IC5QFSkTEosh1RDNCykv0HWMmbNrPIaNzqqvwIaVDkF5ylom4zpffwuijfs6CkToloPNuSxOBUhsxmdQqVZ6tKBwqHR3bRDnUOCBkBXPQTX77PtmrdVMfV29DnEG7t5K5fN41E7fFhgUsi8TvtS0A1dr1XTNizlFfbsS0wfKF7xEr8vBxgjEq4snzgixe0NJRIA76crl7NR4ixvdC8kZQgecc2HfaTvPUABzO5kJaKE4Il7nJa3CYPjVFf9VOaishYKA8LzaWIkm0zkq1lsKH1J2HYh5P6Li4EMFOo7aHgrr8sCeaIAqpJRrLowjyQOO1n1rE8gOyDt4ZlzdIRRZGVMS5bCFpPvRwGkb2Vf4Ty9usfloZfWX
180213102346.567|80|NESNuisPqqLIbMBy2a8rFHPc9pJd3NmQrhkr9m0oDhKn7jPIObiitVCY2smYN3dTyog52Ji0AzwO66u6Dm1HW6CiK894jRJoWEIo8JTC8r7CeLWPXN0Rv2zcDkTGg3Dhsi3JDwPUhVsIpnZDykmBqbNafVn9Ta2EerC6mUlskcEv0Ln9oRoQE8jhJjBKOXlig5eCs0qDZz3EUn6V1tz4mWO9ZfAl7KrqlALEGFQSbuuUvxWJAlzDhFdkB1tfsWREVadivNJn1oiY8rZ97vXujdVzJEOWM1mWv8GcYX5kbAVLcvRRDjwGOETy9SWqFNOwjLddioHPdR7hdLb39ZS9CRSBKnzcoHN55bBgJvcEODFiGMS3TNPBU04djTeL6DH6DcajfBdhvrlBjxDxr2IFD9DTD0267MP9MAasZ9xbJ0JRpGyHsSWee0niWYOwrFgw6w1CNz6jWCICb8NCcE5MMblkyPf5gGN8sV0QeYkJUJ6Z88OutA0yQof6r4kAScxEwr1J889Dl1xOTHET4wMfYVaGEq2edT5z4YJtGL8zwozaeGSmxv6PWEWIJ4xyGtGqebEC9o4hjtaWaDYAIb0jtTNNjCX1C4C9OuXke8nfbF8ntc0cr7Kn4KJmRZzcjjmb3Jnrn2CodzzG7Z08nYpIK4BeL5k8znjSRb89GaFkkEfavQ0NAMaTUa4uSziqvncwiHp3jclRlac58piua1cJDlaVv6dIdkXpBmKLcVb26ryP3pbGo1bzuCXxQt6eLeVt3hIXyfRe1lt75Pw8LqVU4zI6ZT0yU08XNFgWBV9HUhQUTJn1V02KZbqn70I6p0KQ8vkObeSuQbpfj3arU23pe11IDfw1o7GbUPCr3vbePKqQO6OtejjwMChHySfelRKIUEhonUM0vqnwjtkpYWhhFRHBaGettxwpMgc248nmPS3ITTwezhJisU8CfRcuqPYuIoljLH79V6vEIkron50EEBvPU4NKm5QlfZbE8sScWVO00jTP1sLfvAfgRfPABJDz
180213102346.568|73|lgOSrNgXTQVcYwVrpuCebgbhDPuk7IQ2mUO1GYEWhJneUy8sU9Kd4kG6IbFmBe9CQVuXDLdIEEGTrdXRUARJ5alEzMGIPuA5ZBHQvbFkWxixNKlEEfWlVyshJa4VIMSy
180213102346.569|81|EDeOS9nP5cuECvOuOQ5pQo8Wx1sI842fuQuot82lVnWpsDtGYGCTdHUGxoJOkBgc09uGpG9gPi0RhoQ88l581O3Fmbxbv7T4uS66VVU1B9vsO29VtEJjHyQukiNLhPkY
180213102346.570|79|I57lhDvtvsBhf674DkzwziMuhwGkGqB1KtWXRtiPPYcrkxeXbmiOjeVQd0xvHikk2NCLIQt0b5ozuU64wlr5KQxyy4MKQUjjStS3BiQGxstmr3hiCOOwHbK2eGwfMUz8
180213102346.575|83|TmAH8c8mpivitRHsvvy85vyrPaRDdn7oyQwrFRt9FYpKVkLYq495UhAoWK9PXEas83Troso8N5xJwhUIsQ8WKQ5FEifonqGNMZ9XQvb35FCt3bVdVfKtKiu2CtZPu41rRR2XXD8dDqKtJ5jZLPuJV1duJJHzHtPHkwQ3WZQKlyaRLqlQgo4TX7T9bJJaEfjwLrHLpnE7eNqAmTQhhwxX1rqifiaaBkSni1Q8SlvVkBKrabt8ehwCppT01IvEMDipQBbVZYphL0BVVYHYwS4sAZGj3reWVdQX7U9O5CCrlBP7snGvWh5FozzmRATcSd9nIOuoOBtdO0Yglg9vfjMUiyYxj8j5h9NNCUyNkhgAuTh6bMWxZtO0aNvVismJUNEB7v5MtuckCsghjWVrC0Z9R3tSTGwb4e8cFvTO7xk90psGIcjGLzFaShHiRQsLiWhCVqKuimZQi80pPfdD6rfjc28wglkT13jKsE115SGsFUIcqk2If0UjY1S86ZtBF3387LbHBkRP1ihpV9t4xpoIUh7AOoWfQECPqawSyjVeBaSfTI3JQrvbRWOauI93yDc74YSxOVozcXnWyzF7hyh7TQJrujLY2oxiNlGhb3tY2gUZC2dp8fG8BSxf4ZP8IA5fZP3lwp547Iwy4fZjcFPYRdDQlSkHn7wXSoLRAyjNVTpGJs7ovfO23wZ868x7cs6l0lDWlBczFGERWOCy20TocLFpfL1SKwqLTPWuM5vBOafWdKCdgFfVa11Q6891m72pwIenJObZMBszDYMUQ1HfXqn4cEqIHhf3jBH6TuWU5IUiOmKwJiYDpZG6copsNxWIgYYoyRva4yEy2DSLCM0TFFchqWb5yO9RWlkqacKdD7Pwg1NVdNSVVvN5MefojdK0VNMtu1GLtvoYewAGRj9BELKtBlh7tdh3EmfnEdE8IXxjnQN3ceWmK5txlnrbzkjOcWhvT80RSYNa8SrphQj7MchLUdZIVOsFH2i0mK4GqR1FVIdgZUPUSHhc5sfWnRIY
180213102346.577|82|aNx2fF4DddJ4mnyQKdoSlgA90XKPVloCOlDhFeUCXe0nkHi8kmUanHH3CEVVDWQdKjDIGJOJrjEJ9PK5wUqSmO4VvqmshsvGk3QEr1c6WNjrtRRRCfsI4miPjES2rIRKXcTsZvAkK4ey4h43rcF4G2LOhn52aOj2x0aT6px5Pm1L7L7Eqq9Mz4SpiMWHNRvnHDr5QVKv6wlKyqTQS2Fw0LVQ8aiFMD7SA3b28N1tCsasneCyLVl4ot2RLjIZKXrplDqjqSINQZ8TpkQtqfQaj2HuqNHWeq2QNtKIq3nC0HH3vpFeO4DFtSqEVor5Zuhu1vVYVsFwr1Fw4xP12BCZPLSKowyHTVOUOMGLYis5ZYWZZqRPW8Nq4dC8FTcUqmcSxqiq2i1c7URk2Jn53PR7HfW4Nr4ZqfN09qv4xP139AnQlr8s8eckhar9nApIS1ZWjSM7zafofWFz5vQR44jBGc1CqOM7AtdOFwe3D8sBZWeJRelZCI2oj9fNxmet2l23
180213102346.578|76|Yhz1VvW8W7GCg0NNmgYtz3z28vtpa14j5ZJq8Atw0PCfseVFSd5noz7H104DpTmwsnIccS8wXhzMaGPK6xPJQtvyvGhqBA9ecXdrokGqsO7DiBxVxoT5IRXnHLOAS1tJ
180213102346.581|84|TZh2k2034u0YCyjFo8wBvfRgE0bgRvmRX6uK4b4PdhjvW2BtRucQLBOF8tRevnmSCyPiYl6wrnnSffbf8V7aNI8GqyvubAB3eFfBTgW3HTBUKPhKsAKbXSLEa48Ye8TT
180213102346.588|85|T2oxC1X9Bh4fdgLgbMNzKffRrGsjbm8ybbRub4WZbpEdLErryUPqII4xrn6qzxKyci9iKTtS5HOrfN3TBX7vOrmJzscKHWf3Zzdk6pAbvB3WvUlBP3JYA5Q12PkAVu6ZfIatJquShjP8prZ1GDMAa85NrlA0ccNJRNCjekqM4FK7Ql95mq3FyEwg0KWwAB5L0xfxbUWPRVw5or6gxpIu27v8ffJPRgjwieBBvo5G6Z7HJaaQNWf4xqdA33HONAbkBIDr78nQC4i5jMEKZSBInD6osPVxJukDMX9Kzq3cnaqyDWJrlx2GErfbN6WSszT1DqiFE8jjgEvOysZcD5lt5FdXanptGD29KbOQ0Qp9xhSmxfRfT7Ex9SGOOoBE3hEzxcdE5Hy9SZGFLfHhdEMmht66V0dBEo6KfWzuDygvTCJgNvnlScyjXgYIwnJYMmaDguR3iExUr4Fot2e6SPvHV0tOx4yle1vLFt0WS6sIo4gfknqKpT6oyLrNTdwIiWrI
180213102346.588|86|uzSSTAonefU6he8Nfgce2YOIMOmReHZwZdFBDIM82TqnvyDCYKPSPlKH7rcbztDg6KABLLuGrYjpeIesrjnqfXbyRCrgjSq9Sae1V16joDAocANA01ZC5jF9gtBhSDD4pWiiXofl0VuuninPkqQJpCnUG343VLMw2mNke8JTgWIYtBjYo9wzJOxpa2Y5kkJMUzn4iM7MoCoyugg67IrZNGCxqp9gOPlolhxW5OiAGy20SYs4l5tz8MVKINEXM15UFsCeU82acx1syaE6Pp9N6z4qFRx8uVxFJm2SAhDZUmkuPh2Q8dFjbow25mCXSq3bcy2HotQBDd7XsWG8KZ9tYYkKYMFcv9n8HPFP0O2mDKubZL6ogSdLtDCIxM8MI6c5Xj4VzWTdBrGrekmTltkynsXkkPEH0A9RUhOUQeZGrq8MQfCui0WHKPvNGHPs1jC5uWIC6V6jtiQmyTZMQtQMXe3zrK1RGdJ7C7IbqM5yO88yRrpQwD1XXOlohR5jg5fa
180213102346.604|88|tTzFqKOXhlP7h7k5ijMIxQ0vYXBwySWt11hRkwRmrUUIwzoN21AhUivjkYs0liXRrvNk8HRRdS7xhojN3n0PZIEM6iPfl4Z6ShfYBGTBUrseZezmMGYMB1OZgnMatFbqK4Gl4VOsXCOWzbkX5aEQXuh7vlfJ93YQZumg0fgW0GJ0SQb9uBMmIyEfK91qmNZOfwxgJYNGjNbzw2I96kt3Swh3T8jnkI7W82ywSijvaByKqbItjtzvSfu209RyzeLDTRDk1M8SnRT0CyfLE5kzfdy3bwPnRS7g7R47jO57MrV60pia9Xt6kLnKsPbMLRjilQ4qnPn5BOcfXKlo67x42PcWjJx8d50wY3DAC043PVLDvwNrebvpiL2BCKxXTfKtFXq97Ny5N8gEUAawA9Q1xa4yaU3WmI5r4CVM9TWiLfntzEYNvKAfGXHHKRVhyIiEID4SBAQW3CydZDmigFts8gBLTddEeHxBAh7p9k0J1wPnqjXVYTcsz5CdvI5CGlWBQOhTDSC8VKDKsGJEK0GJoG5cKkSTziPC7fSHuZtrqY2Y8HtlVXC8rOvBHEJzvcuMaHyqPRQXATLJz81olEHhkfn5gLEd0wxaFuKYY9wfpsVwTtRuG1TNylDT8sNltRq8Fq59ssyMtiCrjQE9NwNWV9oluK325WWIaBGmCJP4IPVo0OxCBPwFeASVPbEbyNd7WvzEu9jnslVObqg6Y2S4wQ4ZP1WnARIZdKfuDdGKnhkI3I0xcynsIBOjWuBrPb7p50Nhq0C4W8Sa4zESORnGQmvAuvjuVn1Rb2NQoI4ZW4Y6z4mgQ6xaD89C06PoojrNl5dBrV9fQ82ZMLj0SREsAyd8TZOF6wQM2XUH8eTggXnbNhwU8W0se7prQBtY4OQKzEeyX3T02MZ4qqzRrLFrv9XlIm1R9Tq6QtRHjvm4yuRvG8vW8QrWUd6lL1mAqwKWvZAFHtwqcT9dxwCHvB1hHRlVVEVTv4asGscetcppzUlBK4WLVxiAT8LSYY0b6VkN
180213102346.607|87|kRZyjhZhFRiBSWyGk2hMijFREYWs18pxBfS49GSzp2UiOwdUNAPhupeLKA9ks5e0PTIBo2bM5G09PF3bKtWRl8sz80Fl5vabmVAM6UqK7cNnPPkp78gRCrG7FyHNgQQ44XoPXIBAKejavitLIjfzsufkICovIQQlxTcXFp8vuHvcChTdYGcfEfGCKljiSUvbR6A3oljqZl5GPyI12tRuiIcnmlJ8GYCfrARn9MYYw2SvOPGOUu28EQZO0z1nxkWVwyjYcX3cC8aH1CmfmD7cZaycr4WHe1kohntb5ehC4ZCZQgjEBlO3HjSmnOQyn1ulDPSdGQYfjPT95pSQpYyCsR0wROvzj3AzNfdXvNFSX1MHDUHoxCv9ZxOwR4l2166AnsiQb1McQTohrg29Du6l3XOsnyRXEeTqLqfUwEuSQxVpZSE6RMSv27GafO4Tb2BAtMHErOXHMGLrEU7L7FS9nNe7RGZU4SS67TeYiMLLZ3O74HRF6nwoUwJRjuodXZaq
180213102346.610|89|aaJcFMllBjU4W2IKo5ajElzgiCa8QHvkLPqgn2bD3Vs9oAEvOHa3Slyrfwg49RYTRNhvJBrQa4ofEv00IYX7Uui4NN7Yk9yVF9gZy60COhklBucYtRFCoeJjpCwy5flERMstbghourFlN1S5qFj9aHgGgOTjwmdauVTFvekBT0tgehM5Ln882gyp0gbT5aI4WUZXueLmonlXDRkY2QBchNDw82KfBkkt3GeEI7BTPnH9hqLWBGsKVkuhRjDahNMQZgeuL4RHhOenJBabjWVrJKS9yLmPsUlcyOfdDYAwlDTL4fBF5MzdObjdBKsheEA7UWNvwaZSlqn7CUCuyWtc4gX8wdpyZMfsDQ6K19JdkZ8SfxNrSdDe62lFLdNKQ92r032YqKCMCeyZsIYDaSZskff92EywBD3Rj1EMQAxpLb4LR7vyQP6P21Wja5yZYC8Ui1AVatcG27aBBnOvxiqflp8d95YRAQJT8GPFLaIsPLu5sywMFqkjVQLkzxtBYE5p
180213102346.613|90|JEsqFJn7O5DUsCkmX3aPabdLoPgadaV70RlC4bn4uP2bJ2y5ovFz5Pv4tjqkcVQjm6hpcNRHXNnCYLdacqdTE2dUPkiMSjF4T8vpnlUnXiYy8M8o5AHdhs34IyXrSjdS
180213102346.615|91|BK1eDsYbaZgwAtMmP2c3nyZG0lGUyMgIDEIjA4ffLp6L4v0rxD5YFIbcrluWCUcMWGq7kBASW9FzP3TBD5j7V6sCEh2lRgDUThPZfhoGsz5ykItHudBeYbHThAanakGb
180213102346.623|92|C1E80KCx3z3Zbj3Sq8g4SGqlBh9SkWviMOtqqXOlkujUQZqlzx4G9aLt92eFhZ5Du4GbyqrQDQ4RopZ8ggNGLqWcpEZUgFFDnFtRFAxX0KHP6lCPPXrja8ivRPFZOznRnl7tHUAqKDW80m02RSroFwWgRUlqBC9pZaC7tjX87PeWlISRY60mjy52vjMCmgjhP0YbTNw8N7O1kRUypeuIlw3yo0II5zqoRIKZtXEZQtHXlT6jgRMU5hFxzpUpeKvbm33g3NSGLCSrToP92rAALppy1JSyFEVvHEtRIMifDXnB3tQxWPOIFlU86A9qDEAFMc66kXzzTyEcwpQ60wFb36hyniYGndzODBVSYXi38ChX3SfKUGBHIPlrHSqJADg4wFP9NRpUS9RF1nNveF1KjyrK9PTegPeYGXHZo3fdUh65Lol2tNynV5GCuySsNehHIhb5MlmyqvvtJR4KLxPYmdYtkbGCvRDawsmNqNk8JZwsAqSg2tFZtIsNKY4ghtXX
180213102346.629|93|Z8XrW2G2xO7KOW3OlnJKSTfL8Xa61SmwJqCJveyqk4NG6QXYv0gy0iyqzLfP4Ql5qocaAsfFhkbOD3baI1EowqkYonJCHmYahb1kDHRYi0RIBjsUXqaSISojMqK5AVE7GzfrsZKtoRmR3rBgtdfBsKaLQwLDsQLfqaLTnPViGARonjgZgYk9jjtQyFzJ6G27qab9ZSAjCsZFaDQTmTlNh4jdoLSO4ryKEzi145RZyGcGA4eCjlEfiTvZpDyhz4DaX1jsCDJjlGQvpuqE8A3YCg9QqjGF7CtYSPuUceqfb3UUOQHImnGPXSoX8VN8mFORSqwCjDOqwJpZVWy9go3fEJpa0lMJRZOq368UmwiG1eA2k4FnSZ4PhJ152s0R1jWoqkaPCl1IdQh1DHOygB1dc6Z1WWlD0DZelPlgM4CtSZTItTHaJviQ5q9MRJbBMApKDJ2s6IJRB2iEDPP9AacqQMA7pjFI3awhEeAkDOpLZsJFSW5TZddbWRdTJ7FCbZCGm3Eea6WuYaN1nTToE4kHvzGktoINwaT6idBxHkwxyrU4AzeYal8BIa3wRMhNGnTOPthJsaUGxNEvrnlqIkbhfIilGIdyozDqWXxdLATp4onSb7uy2qH20jyYYGjWO16NkCxF1kmedhHs8xg68pEWAGQ6etTEJPFXOsZ9UAbnhtZw163VgttkgCdyYt1Xl3owHy6S7Kje4LAbFhQz1wdez9m7dTa4bEBuXepVshGUVCAyWJz7yFfqdAhVom7ckKu48kiewkBGYP0oeKST9y0PizsWqw1OcHfcEujntEICUr81GtU8bFj1CJNyrRRSGOTemZjvr1EW7RfL6nrpX4YRQLfWK62WTbvbYOU9fHjrN79vXxaL6Z7CpnTVGzofc9gb8OkeDxrYDDRpiNxVCwrnBHwvL7j9Bipz1VRBYg8LUuqMaWzKJngF8zSZahwz6Mh1F2EiU9zEwHaW9FjPaKuClTzCAP3EIG5dXPu22sj251Tp2r8aOdpdkwbQS10xkpSF
180213102346.639|95|PjibdB5u1bhgMYBEAZlUORTUTmr8WKFbO0I78y8IRhYv0FaWHw5vbXri4CQUtZVQiS6xhHSWPPWG0Q9D6w1urdX1Y59XAe4QwOvYwEMGp1t4R6tfh5fOAbCHnv2vRKjH
180213102346.641|94|6pEYPKCgTETmtrZDY2eyTWQ2K0ncaaf6AMtko4pqH4NUTqSEsDZWrzZBzxzK1VlxHg7SUIfmLvzL0vpBGlACj8dZCsGvt1VOnY33xuwT3vTn7z4DMu6LwcNqmMd6vi8rFssYSCdWVKt3ojYIpqUsoTcaIAqh4BW8GOx7tfzSNJRvibwJMBcSEs2ptcd5WHdDa6aATEvrpIiQs7DGochf4Ku4xBSla0kNXAXr2jywCn0cpbp0sEEe4HCxKmp14Zop9Veu6OGLPWLPlHsACh1SCsEJh4hlhqkrITd9egzdZNS9anZNMS1lyaDoDqnzAXX7Ya8aJAuua62zkBoSEeC0aSZe6WC00Rxe9vYVmPnfGsavUzbUKAZT77sfR6KKVcaqhdiJoXIgGXLOXuE4YOUwucSrJlN3ZJlQzlFAOHbmE4aw5WpesNHXuCHqD5T4Sm1eCzyf3SomTgh6zwk89MvEojG1Tu6rvU0A1sMGG2VFM3UIM3DkrwglToyWNhTZ0GQdPx6k3R5IfgU0PSkkmZFeUvDn3NrI4K8jbuRHNrkRPTOsyqHt1B2SYTZLxtx2vdfyFfnxWBhcmJa2FOsTFGlqksyRvrCYcChDePykWhupgcUxprqZFZEkZoQcpbJEbI1lA64QL8KNw8d5vtvTwWERWPQBnlmRKjdZ07pDAeXfMVXOnh3o7wBNHveMH4TzzGPErUcrIlbHf0q9Ucso7CSuHv7kTD8wGdDaj33F5ulEO9fKMKeGNz31Sck6rYKhH3nprXC16YKaP6BGOrUHyvwqA4SnDSnNCQP0bWc47CTfSMZtXztJyrvj41xxkQYRrmW9ga0XkvZ1IiOiq3PwlMGkn39AGlvZFCVCklpVElSSuL55VM08AUbIMs1xcSNDaGz1GGBUXVu1GNfbTQftzFK6eiNVaJ88XP0IF7t6ao2ELWgMNJhus0YbXp5RESt2Wo0bOKroASNGwflvPC7dPoUayJLlB5fNC1pQQOJzHiCCos1KrAYiiHOFeJm01h6HGToC
180213102346.650|96|uLjjqPAKl7y35LyTrQBlZeMkZff8TNZkI1D3v2AGnkDcR49EkueJJFMa79kYRdKSnWwBAXTTtq4WlMqSDEtBstOkHfTPTmkG74BJ69KDgjWwyZx25bbp8gBI0mLeqzDH2yzmtP1DArNhgPnShs4zPQvuUK4rbxCu1PIrqSYYLG6yNDuHBu6VMS2yMxaYu4NFCg5t6WjadF8lMFM0UzupNyVAjANKHEh6GMo7TggSDamZc9dlBxfUhIb9AArVewIBhkdz9tCb2Kec0ACkiWn5AtZ4rRUeHd9VDlM4fHqNfzpj4GjXfoSVSHBeRyWggeWShhaTBllhLZoWifuIZlYhYonqn5fj5A78tYMiG7Dc0iPpqUiWMKsA13wQhtc4zTf6lgVDNe4Y23ymvsF9H8uT7UU0MDpsOYPGXJSAjZrA85XQKFsTicOYlu482KOEfjnkoCsQvE7mot8H688cOUihpQ2Fsg9yHKTyZrdz3tJsvTV7qtuS8CfYWz6vAF5NRUfS
180213102346.658|97|lTKCRT1VLqHaRnyPmOrXI2ZN4fHumhBeifdgSgdBwBgkmS5sihH7aQUMD3zBiJsWJW5zGL1iNHoz7yv62aiYNUVaYvltK5kS9C84w6S5wklMRnpRKwzO7KLWWlDdtnc7FyOdc6uTwOgUoVbeJfAA2bNDDkJyaQAeIePv9ZnRW0nzeBNVmlnTa6TKhnZ9qL9SBCu9uJcD0yTXNtDGU28AQnATJOfvBWMfQfAeOzgDyXX9Qm3BAEAJIpXjCqNl7U7HFU9sGnHT3jYVqRpkeUFkd79yFcxAzhcIoy0pwkbst3b1pbkS8Dlh0Smye9SZHsdRrzIxLcxXgyqAMebaLK1M66h5Y1w2wo7wkHunBWhItv1HbrbccXuKBGiIjKidPCqXbibrAVfy0z0Agm0v6MaSHYDqLktM3hNy2fD3G4gtb9z5KAulgW3BAQXjOUVMJMGHx3CWeDahCphKgu9EppC0r2c0XipG5xrGlgNEY2NrVTV9nyoJB3sKNvP5cKnsiuIU
180213102346.660|99|SY9c9HlGOSEVgdMP4tY6lIoSnb9kNg5ku94WjpqPrll6EPa3zTiXXnltF2FAl3EPan1oO9s68sCq5kSezJliLQMKPiv1BlywoP1D21OwQ6gRj99DZ5n2jJA9cpM94gS37e9EQWqDsAe3zMq8DA0L98r7gcV5tPkDW8tIdv2k4afzcOhNJll9jSM1F5x7fenlEidydPdsYDjg2SWt0LfyJoNnw1TsUOc74mSqExZbdlJq8erAS8VlKTe9kmjsOepiOM0bXrPBmqhvuplPBe8TKlZe0vk2DkdnqQR3RXEZ6t4lh2VX4XYLB0l8I7hLQVBtoejWo99CdP0fPTbncJ8EuIdbG1hnttTgedABpQ9mttT5Ry3X0LgxtPak1FU7shT2A7olcbj8TWbd2c8V3i7ITuuF8JvQygBMCoZGEe4xbhxeE7h5E2U1tiyFodR7IxIqb2a0vBEqCusJhxCKNiAQAWUQBag7YIBfllKat847Yl8oUo3le7jOHe0ie7jt6zpzN9faPbEbf1lNz6ggPKAFlVYpZuAVIqnEEuEkijeJylwq3zh8sJ878WNmximZPSF06suvk9nwvvULVJSZ5I55aHwKE3gpJqhUSv0cVw4VYTQllOh3qERmsTXjIJRuuqOHHMroY4qPmPqriN1coZj25uuCsbqZJGzPW779gXgOBVuYIYSmwmcTOTpO8NRx1v6NSLuBmwHdBfteOylv9tTzfrO0Hs98Jb4YiC4wAGYGJudloD67qNm8qPZhwjxn7kz6oEymAM6bO0lhadRpkTV2otwwmSrFPzj6G1TPbhY6jiOznbIP54qkXzDHg629pduuBBzY8HAh18G9XvjuGg88l3Dq7u2ysJ4FTHadVyfwAZy9dq5ag7c6xTGuQ4zl6za82nTW0FC4kxRvrKCaPfFS8snlFUaXOw0BQK2AvqPdXc0VVNaL3UigicDnWAdYZGNyTF1khirYYVPrOZUOfuYI0lpUSMNyMi30BpMtSaTIlFqk1kMX9zMRXoxNRLsjP81m
180213102346.661|98|5hiCa0nKIDAc1uR6dbq1ZVptwDmMtiV2pAFvjMp90NoFXseTmkEWpJxMEONybEZK4qqjEy61WVl0YE5SHqITG9pvuubc3BdUTng1G6AsOnP1gCHhIEDJWJ11Hxx1xS39QM9AEwDyM1BN93ZTxkIU7I6PsuVzwee6tYauZwpUn1ZzNFNeAyGnligFJb284h5P23lSyGZtbL3jr3v2HfNXUuzxWrc7Z9Tm8bJu3OdqhUpFirKnI6QSqImJbWRfrDiEzjcJpcWwvaFMTwKN36v6tVauV5zjgSgikVzVSGUG03W0RDPJzDAoBcETIqpAExZsxsLAHBUVTFf0xFKXtOAWPXiaofSEXfSZuC32rsXpjbRIu80BpLGYHux8oKGtvAQBCutbvLsWRKU9MuDC5Hhhcmzprytfuot9qQWvF5tBY5qntztFPZeEvEJ6JiUMUiiIbTQd5IJroF7iRR7X54Ec7R9JsKjq78w685Nd0ZcAKChmfLdIwBexGrgVzPU5sx2h3oPEvilZQtqc7wKmach5jnyFCPZLsRsi1JwnCTSqwVKdWb7J7YflnZKySJWxfIUaercs7FbjoigZA69jmT7L0PiPSGuiigL2U2s025Rc8ELJhByfQm6B9rBCpuDmMTyN5Oy2OGaW7DJ7jpWTrfiCYEL0IWJhioFdhC9UcbGzbjG16s8lWXzEpdI8BmdSMIDIFeiThDg31Enb0L8jgjYetz0EeCxDAVnz8FD9WEo1fpoEeRS2AE5AIDIcUgb5aLHNvpJJQ1rbjdFu3klr0EUJuAs8XjcR6H75bYrdBqiAR03uv2Rbn2PoBuO7rlvVHUqUebhGtC6aySFCE3jQdJqw7mNwOjqhvpfnvQBRO3alFaV0GpNdyDpoA4vKX9sfQDn5YG36uWZKiFpYJK8D8kQNCtOdIRrIK9QsjjmoNF3iUlA8Tj67FL7snrUKY9mtEsIkmCqzHr3qP4P9eWtNYzMFrXcYQtwn4eh0MRwUvBMAp5nGBvnqRKbjv5JYZXfa48Wb
180213102346.669|100|YBvougs6jcJ2OyF7WrJXpHLSx2NsnVbH9oOVcFTYbfjzBM8Uit2d6LwFd1LJzBVvdH0TRrWzOILyHFh4gNpWbwOiqKcmA7ihH8L5bM8SYHlMKOFl0ZVur2egZwVEjOEhpQTWDS9gNRinC4l4vEJXuDhW82aZGzcqZVxeOWCVgUQQe7uERQszM780wspzhfX3SwKTUVSUzJJXCzzunezor9ws5v7f8MWPg2A9j7d2nXUW50bWE2pwg2HIwMP2oYcTXFBt9iRVKNaunjhjddOlZpn3DiX82rlmZZ4pE9kkVFxgj3bGqwHUzMqimdggtijOVUlE9miTXmncPtgfMDnF2ZAOVJcMP2Gd6vUtoRUiPfecjX5YuBjm235vNWqDxNON3hAWquDpJhwrtsBXgqQmFvDkxNhLOylcEAqe37miJyrRBNOdEiEir5H7DGTDDp6ziMBO1pe3HAwWuXRnt8ZhIBKKYcQGeJZ8lqIRhKegu5PtGdiKPyWJT0LFCh98VKPq
